transaction_amount,velocity_score,geographic_risk,daily_volume,distance_from_home,is_fraud
0.4112159456781894,0.760534065830892,0.8575359659391721,-1.530958201585719,0.07490444979963985,1
1.4404595604419868,-1.5463207696573735,2.5027652240273346,-1.3329391071465775,2.9181065430951927,0
1.0352511941165743,-0.9619859600017575,1.6715652233016085,-0.9772174157961773,1.9124965867276924,1
-0.008898967482263598,-1.135062593480357,2.3287834953555135,-1.01333332106266,2.2533307115584233,0
1.0747654649287788,-0.9923011048853808,2.2276741608609143,-1.4401830091615142,2.2884919781386857,1
-1.627367672775346,-0.579798183557481,0.271541239509993,0.8514671295102623,0.2796158389106627,0
0.9500265317388648,-0.32363771981782596,2.107083510217306,-1.8643185276544365,1.7187923080605865,1
-1.370075011131377,-1.2281855861886017,2.187080293345679,-0.3215767237681389,1.9805449920180007,0
-1.069487598996365,-1.2146115099661383,2.024791178598505,-0.3031330153495493,1.924795188432911,0
-1.3434164973475289,-0.6044726195723589,0.23761334964349767,0.7990792920020626,0.32795902569455687,0
-0.9783912927075367,-0.7428135298058202,-1.6989996063063362,2.438643025655376,-0.7171488163480393,0
-1.7500314598713946,-1.403528736099857,2.736418706713213,-0.5033322603888832,2.377548194628696,0
-0.44976170635002466,-0.9214537100148505,-1.00265515815003,1.8064002357272224,-0.0591650665326068,1
1.1380973324207968,-2.2611616355722184,-0.16302166433039855,1.663008011349447,1.7014751472244574,1
-1.8258420255838008,-0.6011900069528693,-2.6645004058453576,3.4473198190652647,-1.5756973361028965,0
-0.16577832653363,-0.8338073367195641,0.8062143437177598,0.08506191126815488,1.061062439086156,0
0.8486490839727832,-0.03906859593000134,1.6659730360093845,-1.6947083719119258,1.2239969352947013,1
1.6357808889886378,1.4708064072696687,1.199305436306293,-2.8721777021194934,0.01242624591096475,1
-0.9513451538149555,-1.136650925780955,0.4591791909098183,0.9238037882187199,0.9135829510085447,0
2.6838533529782684,1.4216402666050918,1.646894757180261,-3.590302167623508,0.5191154814757816,1
-0.20496306069732995,-1.698681972568873,1.1830785440594362,0.5174796569917974,1.8990878463279992,0
2.2915629499531693,0.8576324318534793,0.6311240461550887,-2.0992542638584384,0.2102776908304532,1
0.9257250452532697,-1.232790350933947,1.300858846429042,-0.3896125716531987,1.8517723461159559,0
0.903876678321732,-1.0894333082890895,-0.7744670339902286,1.2669317948070102,0.4503599654681225,1
-0.9765720423075124,-1.0141865845575284,0.9592209284821187,0.4013428616773845,1.1349454288174203,0
-1.7225304180840657,-1.0496675147781171,1.422816616465465,0.3051728245586164,1.3125710012623253,0
0.810955745263274,-0.7308001970500495,-0.33938860930515924,0.6222909324617193,0.4521932305322215,1
0.8028721409503647,0.422457273277306,0.7940815126264446,-1.3288784458319443,0.345558781910765,1
1.0258527550257417,-0.8833611854853617,1.4986446592392673,-0.8935037805848508,1.7473208506867277,1
-0.30520940939805663,-0.7890276283072044,-1.4791644386321448,2.0476515877732737,-0.42364002685923025,0
1.871585312859921,0.8329226235514077,0.21239547901051548,-1.5691886758941123,-0.11096648674997031,1
0.8659504534131386,-1.2109768893042612,1.2641968560853434,-0.35541562114813013,1.8025158951170759,0
-0.4828279936071469,-1.376941353715745,-0.087655131203914,1.4270591763555478,0.8274657720775452,0
-3.5481773509268324,-2.3728581583156947,2.514126967991877,1.164506114057939,2.591997386586513,0
0.19108569703991463,-0.6718181779031094,-1.3524699323634777,1.6601654170324505,-0.3360182937643274,0
-0.8145373699979905,-1.2609149030194426,0.5943388954665081,0.8653936156025824,1.1107462430763662,0
-2.1566684967853655,-1.1152969852562462,-0.8905036877606565,2.4924069648705602,-0.16584872564035558,0
0.26852993904328093,1.115711383526224,1.5397020967999855,-2.3655777284289137,0.22437626621158782,1
0.7562206849050341,1.1649101627665348,1.9367988775865173,-2.9225640442766956,0.5272746518115838,1
-3.25933947952124,-0.4714799555482061,-0.2500126053824452,1.7927971435014152,-0.42219513703487216,0
-1.800781820321795,-1.6264696568222536,1.1073952849352153,1.096100521323724,1.507879427203628,0
1.0872989450249508,-2.164912122777542,-0.19175910635696214,1.6235193695695695,1.6063324052292451,1
1.258063973122738,1.0492454426891655,0.8259018896085718,-2.0565234240008943,0.007070745927736965,1
-1.1641070649373924,-0.4620481216029265,-2.9970325128106676,3.3733292981254652,-1.7600115190823848,0
2.18142143601455,1.6308070542885578,2.152431892274082,-4.019445322364787,0.5951548115187029,1
-1.378275474591776,-1.8895524093927931,0.9513032039011391,1.3019554213812106,1.67345581500824,0
-1.1742607717133984,-1.8749885507416981,1.0097900369215926,1.1659635933855188,1.7371801553097337,0
-1.8601478220392593,-1.184989623981826,-0.4428782690592269,2.062988735445419,0.21733937358010694,0
1.799341214743159,1.052425257117503,0.08345163204619677,-1.6208603397152626,-0.3595444282795561,1
0.32721617947528137,0.6814727378782043,0.30797361146830726,-0.963952776811736,-0.22804926666953906,0
0.22755988654347004,1.5608959736077095,1.914009526910877,-3.051143353980207,0.13676193788388533,1
1.605727767277366,1.1565271831370274,0.7887613721084555,-2.242052074986906,-0.027935647282681483,1
-0.44335571717246447,1.2599817088014462,0.8943103499060896,-1.6812960210948786,-0.4111953949209675,1
-1.341600220375558,-1.4363773192155165,2.572464572317907,-0.4826632741190993,2.373292532044602,0
1.1835859436371736,-1.2200094125707548,2.643145110842765,-1.63924198533458,2.728546454177168,1
1.3523358703050512,-1.39199339252384,0.6855925858915519,0.11779716129761449,1.658041312241272,0
1.0210241694694207,-1.2669518766135288,0.21411928081223397,0.5327698588360091,1.2145426536865622,1
0.24888687894011674,0.47637373253640414,0.14621688353760942,-0.6221584489246146,-0.19885655041152475,1
1.009249060771462,-1.2585231863039064,0.5481904312627559,0.2446748103828717,1.4151099599843453,1
-1.2789851622027077,-0.7718272952484844,-1.324638115790058,2.252405301815571,-0.5180460090064001,0
1.2451954606931943,-1.8287652985846103,2.46861819579727,-0.9916959413737161,3.0600734861069965,1
0.9047018364806491,0.012566376120563216,1.459332879381927,-1.5827400512658214,1.0688069940226026,1
1.1301426716369343,0.3904276758666869,-1.659794315184243,0.6748426622528152,-1.1045412031087443,1
-0.49901693741526465,-0.7034164434325101,1.4181387278442905,-0.428536187330115,1.2901659087021686,0
0.11814108713913107,-0.6148697750650736,-2.1331024359462916,2.304040369046835,-0.8771761765780967,0
-1.8036850547401193,-1.3703412034598053,-0.12797265856051765,1.9324169997195484,0.555098074434118,0
1.1373491603965262,-2.190300317934663,0.7616144305640495,0.8134681473872166,2.2289336402003754,1
1.1290307459852285,-0.9018662952295727,2.316573053726367,-1.6130097717119023,2.290220232162266,1
-0.5914542615040743,-0.8874836466008897,-0.9104610988142628,1.7497746735422042,-0.051546542428524,0
2.7728477169373322,0.9672604385392098,0.6025907390538727,-2.3423498450118028,0.20352824527541583,1
1.4439533486414686,1.0008220524843512,1.341724089684007,-2.5224268141687434,0.3975464435344216,1
1.4622244304226828,1.2572013687900274,0.3019727605396002,-1.8609256006186943,-0.4293349333960239,1
0.07442565270911294,-0.5741662696594776,-2.3274166881466556,2.450839214812749,-1.0352782363105573,0
-0.2661458661028502,1.2081314514832273,1.4811987657263057,-2.201791468871523,0.024493289999288168,1
-0.12321736727130694,-1.1519961736480087,1.1649388782780583,0.035754165323604044,1.5173021178365993,0
-2.1978342931467365,-0.4323174679959093,1.4060182063864772,-0.03715835886123177,0.7795150210104598,0
-1.8187013783078678,-2.1049548730217054,2.2840793834089395,0.5076199191486519,2.5769638372820607,0
-1.3876966059887466,-1.8712639516080505,1.1495139885248293,1.1205335865081179,1.782640191908826,0
1.1079314567203569,0.9744002960136141,1.081797364461443,-2.1567283603794207,0.19211808830378913,1
-0.6564454027097428,-0.7011829771751644,-2.030111465376217,2.569468365719208,-0.8942118566795138,0
-1.0650456785244817,-1.4552180333340852,0.16589603417654408,1.4876964132017698,0.9341306602083775,0
0.971639345307918,-0.019963330360045717,3.0181730771974693,-2.909545826350676,2.077739904958842,1
-4.054816850754447,-1.2691498748092778,1.2637655093222848,1.4702388341231127,0.939733182352179,0
0.9877229111048392,-1.0479569781008695,0.799029579569331,-0.14179960622678206,1.419371279836823,1
0.3794490850964456,-1.516546694374489,0.3606508674436346,0.852736395232744,1.3642558338750923,0
1.219775686575063,-2.6624546052084233,0.44743899254428343,1.4558259065076093,2.380736730676816,1
1.3483278702770476,-1.4597864234328268,2.8372039762308763,-1.659176167663972,3.049076899063867,0
-1.4452957873965397,-0.5931165709191129,0.8052653366187951,0.3416279641173324,0.6558204041926391,0
-1.2115575122001196,1.3070669709069087,3.237128251062144,-3.44401163062052,0.8779563470711425,1
1.2423467313366463,-2.1614724599517143,1.6860207295328595,-0.038069523188075195,2.8053027249096205,1
-1.5365148418728367,-1.4302041865247084,-0.03138142027163071,1.804790120411367,0.7066980157843797,0
-0.8670181053565025,-0.2999286941815026,1.3010343433684457,-0.5410043968551951,0.8649508325994191,0
-1.5063983523268913,-1.130466088301337,2.548219474760794,-0.6642269123610259,2.1121924925002404,0
0.1329761663218596,-0.41252289938697373,0.644792330546183,-0.24538615687000828,0.7180435824349458,0
1.1661207542650118,-1.9563548953754897,1.1568707832872518,0.26558200406093146,2.31615387007005,1
-3.0880854545076857,-1.9688755746184312,1.9561169808823236,1.129137871718199,2.0430794652862208,0
-0.9004680299694219,-1.4401038527093457,0.05174465512750337,1.5128117170209914,0.88238989307857,0
1.0021066247722654,-0.8184332082593939,2.331291236260223,-1.6511554148224408,2.217280275705937,1
1.0972909752936413,-0.9217547375325215,2.7482757408609926,-1.9530040462853635,2.5680719927998332,1
0.2850896297998825,-0.18332325876731836,-1.351087242624756,1.2071390924494545,-0.6623288365245249,1
0.435923384874922,0.8743267052163612,0.4038175290391103,-1.2499747962821603,-0.28420164280532356,1
-0.3044480474157598,-1.1547249619188291,-0.28197694020844877,1.3384359904173186,0.5821555727429828,0
1.2866939871850327,-1.7134030369996125,3.4031450051938026,-1.9029935149461121,3.570089876472694,1
-2.470089219926997,-1.1881193753173942,-0.3714982493751199,2.2248226477057647,0.15213769004931485,0
0.3015716975368061,-1.1874028115840871,1.7360643388674468,-0.5746874731320495,1.9770098766187205,0
-1.9733811252792641,-1.7847713900385005,1.2579994172665385,1.1652697207437805,1.6818776262566066,0
0.23467343099653193,-0.6976481947820579,-1.7237422317346829,1.98342085881869,-0.5417118555135931,0
-1.9828775033731656,-1.8446948521473636,0.9634038234073661,1.4714031410446733,1.5383709933250513,0
-1.5984160706327732,-0.9369974887372564,-0.29465416958529844,1.629872297881796,0.18312561128252527,0
0.17275027983607094,-0.5511213431286985,-2.4269229560249173,2.4805751980169197,-1.0956281830783186,0
-0.1028537876974972,-0.8167100846416827,0.9919090055340412,-0.11076202481533794,1.1765525330042796,0
-1.8042848851231867,-1.1970112932595742,1.6989687993976479,0.22503193746200695,1.5739450259474395,0
-2.663155993213649,-1.1944424232454494,0.28442185297284106,1.7400612769868473,0.5308563537761776,0
-3.0224710154537684,-0.769632753302824,1.6376209153309222,0.35130022011717105,1.0106047350364888,0
0.717447956396889,0.22939758898902363,0.9037003174043461,-1.2264456732211257,0.5344704775181628,1
0.44983760395604244,1.9799885396066839,3.0769765691191693,-4.482499450300559,0.6085055255456788,1
-1.8118052763626775,-1.0563006753022701,1.6294314848448699,0.16671241748931198,1.4299145361176846,0
0.6843912131607847,0.6474077198252581,0.5894408574641077,-1.3039198214271,0.03736695659426214,1
-0.45468202519449297,-1.5476271960995778,0.5093592605634838,1.053375271614565,1.325899262059839,0
-2.173528085547697,-1.028571612604528,-0.8204509794120812,2.3645025202088754,-0.18633660103263386,0
1.0034050241619492,-1.0526495398862648,1.2896678692413723,-0.56220745765009,1.7320291447999747,1
-1.1890426583592275,-0.9349046755163244,-1.6249033558907704,2.615750601143382,-0.5741023412803331,0
-1.6397553835267065,-0.286712926066624,0.18149512344679652,0.6820454860270839,0.014442682607076868,0
-0.7186638087969619,-0.6252463741864571,-2.5408614335129327,2.9628807703057762,-1.278210717246539,0
-0.4032868842981302,-1.3593827566178052,-0.0941120880284827,1.3888480263927694,0.8256570775127349,0
-4.172410788545454,-1.1085352187266022,1.0068225730504097,1.5945597965697553,0.6443971832154904,0
-2.0442829142785777,-0.5934967592266517,0.5856788866880358,0.7454994189376579,0.40894365432242075,0
1.4268674087627018,1.134506258303433,0.7355986767371501,-2.113300836559133,-0.07845767871096884,1
1.6338963463280516,0.9272654661815338,1.2114969064586656,-2.4168815210143384,0.4029428751960305,1
-2.017107982586799,-0.48817530545020826,-0.23002833203610007,1.34180055775998,-0.16984712727088877,0
-1.8094091888786932,-0.2964078061443296,-0.8546301904365614,1.635896601877724,-0.6570724263713157,1
-3.17260968125481,-0.534410369382218,0.024468073227855824,1.5810710940796633,-0.19044817151717483,0
1.001698395515712,-1.4994817545132544,0.27178223985898275,0.6894660790937478,1.4109678364955034,1
-0.7393489563508222,-0.7835504807169996,0.4307937163693961,0.5694463140469871,0.6858092555913529,0
-0.4047973382067813,0.6703782417192701,-0.09962635792222341,-0.3424448622796245,-0.6092369335885951,1
0.7817450547371545,-1.451557608944428,1.7338291372566244,-0.5200410709925862,2.250035072483438,0
0.9328236963588875,-0.9063230746091437,0.4922320253284975,0.018689946869620565,1.117789315189243,1
2.66930706229524,1.9049750384590145,1.1252641166112456,-3.5533500812545205,-0.15018046686514172,1
0.07852705739902044,-0.15158445562415312,-3.251158296796069,2.8762447295901743,-1.9094860779592888,0
-0.8386296416224165,-1.2562024340127869,0.1997208635353419,1.2068648644692928,0.8565076850972565,0
-2.5096037147563917,-0.9258176493382776,0.9985206353700843,0.8453471894877048,0.8156961232507333,0
-0.9928388262827499,-0.5023709431507279,1.972359420142252,-0.8953897695686549,1.4039218844087262,0
0.7400480511165592,0.5325270722346087,0.1698108407693829,-0.8675589380360211,-0.13352736960446826,1
-1.8078667261966384,-0.4475319215556617,-2.445607701987065,3.122546265046267,-1.5440122072283868,0
1.7754240390143825,1.4623783800685215,1.1252026979997245,-2.8521060397322655,-0.002277651136541356,1
0.8875016405299634,-0.3939208265980694,0.8917835499438745,-0.7443589231271367,0.9977494606923054,1
-2.6199277666602527,-1.7768288007708684,1.153051107494182,1.481336513685078,1.4920068133009363,0
-0.6584720733909909,-0.3976524399289605,0.6037158750710476,0.0625219287699294,0.5365783191230346,0
0.8176374962451451,-1.6253069718217805,1.4666182557795857,-0.1562752299314537,2.212225942893456,0
0.9518455911229989,-0.4832153791780631,1.8406575032654646,-1.501052664763765,1.6652246436103837,1
0.8368308513616284,0.6381576520526672,1.2312790809047636,-1.8988240181753608,0.4727938561231402,1
0.24580161608335094,-1.073245769653797,-1.029943185169742,1.708581227111235,0.15853398008565603,0
-0.9114571996588996,-0.7881382200704943,-2.083242180004769,2.781223348813562,-0.9129117234276628,0
-2.5045427300654985,-0.8915332964828847,-1.3231140115225357,2.795724981690168,-0.6577217716841197,0
1.0718684281255229,-1.4183903568924532,1.45134167937707,-0.4119941446726585,2.1034688236895254,1
1.2874065019832566,-2.791022279473962,1.1757154104427185,0.9198279081841781,2.938713807958386,1
1.2388263760392126,-2.0190918846818775,-0.11358303591680285,1.3773658680379204,1.5801697493657336,0
-1.0324447278371,-1.5376364979218344,0.7294057532212852,1.0654852019268706,1.350217178512963,0
-0.04566606190165601,0.39485012766374894,0.4968567230071472,-0.7454048933787799,0.023562473155071043,1
-0.5065118204067438,-0.6901809780117314,-1.8579767177183402,2.3590379733042295,-0.7669177926024997,0
2.633490845066927,1.4228782595392078,2.098709054098415,-3.9588169384913905,0.7912140993479666,1
-0.9667551600332487,-0.44157387862431685,-2.3755027854809154,2.754122910183599,-1.3499818403721429,0
-1.8710514572995698,-0.7914278593328716,0.2534647764845661,1.1358797410437909,0.37279926738852587,0
1.582870784034278,-3.7308166561456497,2.4170559034173484,0.5577560285397443,4.4309933853271595,1
1.2169543761830341,0.4445530741362982,-0.4151479792548656,-0.4651039407607938,-0.349315446143329,1
-2.107957769111072,-1.3869062393767577,0.46325237192762936,1.5517613406407818,0.8802083481428439,0
-2.0284947300539438,-0.3915708499299658,-0.6030671528663465,1.581651948507594,-0.4730661134023139,0
-1.3732189521395908,-2.1538290468281707,1.77669818941117,0.8217486231836885,2.3762944596194093,0
0.9922376792061167,-1.3782887007968596,0.22082631735067948,0.6326853703167004,1.2919493709780672,1
0.27737653375067095,1.4761917074687592,2.296268509004056,-3.3229116574837927,0.4444057418235945,1
0.8167617032534013,0.05901692460842933,0.8757762598818406,-1.0926790490369465,0.655398098805612,0
-1.717616699086959,-1.1380104736716306,-0.6287094544502263,2.129976439137649,0.09430902547939454,0
0.31960257318990415,0.742526047552579,0.1823368065772365,-0.9062071372481111,-0.3509726699838932,1
-2.3672479751542532,-0.7587868516043835,1.0051987112615572,0.6453806852781241,0.7282338359424755,0
-1.0495439210882005,0.10621414361407489,1.1826548773827357,-0.7215792804290763,0.4711234174502737,0
0.9138549064616729,-0.7550446867063445,0.511882906409767,-0.1206628215334874,1.019915486059684,1
1.0529562954352503,-0.9170621132711337,2.126778571261842,-1.410568591780408,2.168414026689233,1
0.22853183862102477,1.4952689403168997,2.003425891656331,-3.071665070680338,0.2390661909285763,1
1.0318596759189476,-2.072743544086906,-0.7368094266292318,2.0298742446309967,1.1907080440712157,1
0.7482633365638045,0.8979559707237861,1.7629269382426198,-2.5429012984195105,0.6054349102855355,1
-0.896621825861044,-1.178586985085606,-0.9702195496305557,2.1599408770896638,0.060347878449388645,0
-1.0590696510527273,-0.5494626805377932,-2.483947236579171,2.972293549412222,-1.3585986594395103,0
1.8754881947587658,-2.0673499733988896,1.8492991211104584,-0.48640557008707697,2.957181655638551,0
-1.3117549426998116,-0.43503721471244416,-0.12395413139920408,0.9512971702913696,-0.011542878899390789,0
-0.2580390991363394,-1.2295058432658599,-0.23057514268083024,1.3417969070435676,0.6755118835874722,0
0.8035806746928784,1.5701303734673107,2.0054746124433684,-3.3449505008684897,0.293149607881522,1
0.8538056284098254,-1.386109474425294,2.4451673355556505,-1.2091690383693043,2.6614459452243633,0
-1.0236500351072044,-1.0987979114445408,-0.5142191244741782,1.7483121213190795,0.26559836763066486,0
-1.0227510404898792,-0.7499592361135925,-1.8266051237193308,2.569674838633076,-0.7999624027698962,0
-1.2053715503634561,-1.3217081551212073,0.11846333441154844,1.4645899663370034,0.784599490696797,0
-0.7661843832159856,-1.8194369997734778,1.3312473686373052,0.6968276975009075,1.9737337626960547,0
2.1819168702022758,0.4864521378816411,0.46590028101200753,-1.6011116308630677,0.34865743655761233,1
-0.9521633022975109,-1.2286812626741042,2.091413402828509,-0.3902915022492459,1.9978728335260156,0
0.25336027625838087,-0.04557827149195459,-0.4772157202807177,0.3548841610337638,-0.2194275631633979,1
-1.2249503796646724,-1.2280027348636327,1.9733540516905221,-0.19167997039458123,1.8735624227304968,0
-0.11756836159243134,-1.5329224025669204,0.695415791026524,0.7603560899372548,1.493647759497805,0
0.9607243351686692,-0.8461526407000701,1.2903608774583328,-0.7240654773674345,1.5790254514395943,1
-1.1208930512363589,0.5823512229618171,1.0643926905288355,-1.0022521266902125,0.04843053822530095,1
-1.1402003875087914,-0.7554490797083351,1.1955517292797686,0.03731239055134391,1.0700868300402435,0
1.4247075532623341,0.7930764629388019,0.5874882288718515,-1.694000653446175,0.06937091141690588,1
0.5156966959092917,1.3234443647264067,1.2117760672802285,-2.352597117516493,-0.08154524873567859,1
3.1037322164410677,0.8597662868897884,1.2661516150090444,-2.9361293247025877,0.7545604775452492,1
2.103713286889535,1.3819902966782478,-0.2792134408291882,-1.7031028953944287,-0.7625644044441864,1
0.36813924557626954,-1.7325426967862856,1.4782713425023486,0.08771182460890961,2.2125811413060577,0
0.8942930314315943,-0.8911173173724565,0.328260064448341,0.15953498245303335,0.9975704168983052,1
0.7192206242711802,0.35753258476435446,0.18981671136500833,-0.7274041365155506,-0.0014676943744488776,1
0.5194340113473414,0.9114753419602061,1.5540533721192384,-2.2936257941494937,0.42341612978095944,1
1.8559059861714564,0.7915936461095139,0.881658455727673,-2.0993944306600056,0.33334020969607375,1
1.766034719844868,1.691667085539251,1.5654879449495973,-3.4206714619264558,0.10934566304439106,1
0.9258172505683557,-0.8483463469781022,0.4690372305539694,-0.008586503184289076,1.0611355063413725,1
-1.036324509335112,-1.6148921411671653,2.6906572501997696,-0.5409648927127365,2.6290429509923965,0
1.0689748988666217,-1.1735070451633014,1.9687944527987902,-1.062108377285425,2.2534907166945817,1
-0.9929128006475479,-1.21639371183825,-0.48941410492545556,1.8166582391954185,0.36965237618709273,0
-0.6375171328758644,-1.49921332667417,0.5699661686255044,1.0261974511404188,1.2960486924811327,0
1.00476230550337,-1.6418888005332304,0.1493787317733697,0.9146681356457622,1.4354832955729457,0
-1.722635001387823,-0.9568234560316666,0.9204041325414908,0.6545921055200528,0.9332637572737644,0
0.6985146186742025,1.5586445793062436,1.7883406144353118,-3.111888098371506,0.14632696047898364,1
1.5670223530823213,1.227961422766495,2.1513444097642314,-3.452177887683892,0.7657061739431922,1
-0.10139695367954105,-0.6448623749317799,-1.9311912990626294,2.236581314344953,-0.7702185358500897,0
-1.580179570183381,-1.131813299595291,-0.7133747499518173,2.1473468522629946,0.06229018728682567,0
-2.0677823263691253,-0.05961487250579478,-0.5163289274477849,1.23779385649801,-0.6601603968117792,0
1.7235914824254759,0.5654467249748798,0.2552186070950876,-1.3235026095777498,0.07720396196915101,1
-0.6363859247584484,-1.5676621178490562,1.321961847211906,0.44251513229315226,1.8142417999753613,0
1.0743434769709042,-1.3745173005212292,0.6219772561690016,0.2574474203304524,1.5549388847966477,1
-1.5382838065459314,-1.1071002412075561,-0.5522867066221397,1.9735968713340175,0.15317905940272103,0
1.2500487791457424,1.4332266230695887,0.7278126524665312,-2.298423105797476,-0.32641372755675696,1
1.4112744652286437,-2.7861608519426513,2.031188154960317,0.14082106692477542,3.4923880932835973,1
1.1533053027673532,-2.3863333179379085,-0.3341236508240737,1.9106472480892316,1.6856491388977477,1
2.314083190261436,1.40848233570587,1.0258565188845608,-2.9155625234356766,0.0725753972546932,1
-1.949406705767532,-1.176439463457942,-0.786423457534803,2.3810990515550996,-0.01966886971970192,0
-0.3802946112751553,1.4984523603352538,1.413792952802702,-2.3514542624868398,-0.24327375784327188,1
-1.78365622798915,-1.383187512644059,-0.41378838597023937,2.1801269597473536,0.3893031278132233,0
-0.3411736833004755,-1.5116049566113707,0.6706191901003189,0.8439637800963488,1.4220706666741867,0
1.1192905265594808,1.5073442417679221,1.6559339746447292,-3.1068131554893923,0.1770538539746124,1
1.054902941283832,-0.03418307225900952,3.344336774859358,-3.205807099590581,2.3067878246158418,1
0.5610420227267814,0.8380539352735954,0.3390266376279246,-1.208787798439196,-0.27612280710521303,1
1.4688776637238685,1.0831356421691267,2.0965490288494957,-3.2460924317843927,0.8155739486225275,1
1.4646488115801906,1.3777849987213164,2.0796319918875215,-3.4822124272902375,0.5964750088172285,1
1.1496570470938465,-1.8107241782999823,0.49385559290178105,0.7128186583454844,1.7963052593074926,1
1.9922572164749317,0.8780136022111101,0.5871845804955738,-1.9711926384644425,0.11350367056014625,1
0.816747133067966,-0.314891020698599,-0.11601551716281988,0.07372290042215801,0.29952814051928245,1
-0.2889647417793777,1.2754894856850294,0.7418795332804846,-1.6201700515164854,-0.4889947823855341,1
-0.6992249122882508,0.4325395817726133,-0.1424002188244864,0.0037794963316483366,-0.5223179212632548,1
0.39391061023840135,0.6514655070244542,0.9904100715197901,-1.5448106309412402,0.23162827338855635,1
0.1548556488863695,-1.1899755133398104,1.3364168259893399,-0.17844550163421316,1.702250795752494,0
-0.8364139435960287,-1.1408857826937586,1.4058362643088107,0.07797713711768067,1.5289869353188208,0
2.3249795038032155,1.226324913448246,2.1679651652427383,-3.7384507161594454,0.91641488706387,1
-2.4198962872290153,-1.5112399846078208,0.4876895387868494,1.7498306723890746,0.9258627798077068,0
1.0031543092387483,1.1835914161097376,1.9539329791365083,-3.0422696081078584,0.5701460850657115,1
-1.1392808147105224,-1.430006319355083,0.1897696776086737,1.4725359930225521,0.917635592640396,0
0.46615323631007977,1.1801031700742701,1.455390364716942,-2.4200134217290983,0.16259673735442898,1
1.2759736786526403,-2.6656823171804676,0.6232933766245207,1.2882166605413887,2.5031761554613086,1
0.11118546416904529,-0.3095013839456595,-3.461694517136265,3.1792598555279312,-1.9236514237943143,0
1.1355674918325338,-1.8392466174689202,1.0325589756303757,0.2825165193033709,2.1503220015611273,1
-1.4992698080515954,-0.9021306012737162,2.556248229665565,-0.8690020949812641,1.9575184669445302,0
-3.5192697550942382,-1.1520993684308847,1.401000296097357,1.0597294766890755,1.0412580965148668,0
-0.15769610816752466,-0.8769517285273709,-1.3339783693139786,1.9457307818543896,-0.24387124605766938,0
-1.5014285578631976,-0.9535926019550521,-1.056450275876982,2.2592746312940832,-0.2632090890101832,0
-1.3601963485123072,-1.218495353206906,2.0146466696212046,-0.1862579348576389,1.8678183268910096,0
1.3523610477890218,1.8127129740418397,2.04057532791548,-3.78046026834799,0.24479595551417965,1
-2.5685197079892954,0.010665174426282897,-0.1952817030103744,1.0843263815256081,-0.6011205118884445,1
1.3085431963737717,0.41565748117215595,0.7400700069815749,-1.4594184583709258,0.40946501877023633,1
0.8127477693751631,1.5291854881948974,1.8613917558852127,-3.190252157157117,0.23370367672309958,1
-0.8627887353458946,-0.38476327215491435,-2.6788232026098155,2.9268924479670866,-1.5604132245125437,0
-0.3366708742726128,0.9282632089054728,1.235164297230153,-1.7269131315033581,0.055195538655870346,1
1.6608303055499622,2.047892580515822,3.6189440671136626,-5.440119962548994,1.1215158940238747,1
1.1974976220474498,-3.0115868850536955,-0.5101873506447487,2.579903892248121,2.024650584466509,1
-1.0879027864255026,-0.9277635404346807,2.089116254399773,-0.5968007297653177,1.7593387640676441,0
1.188231030733701,-1.9777551013236225,0.7449073596994902,0.627527312751564,2.0779761876657297,1
0.517652805800557,-1.45755848631882,2.41105462371918,-0.9976349109567606,2.6287932565497187,0
0.792803622412374,0.46774433615783884,1.3698905811480921,-1.8554485665989886,0.6714487120614346,1
-1.051831544158159,-0.8847955069023548,-1.6260829567774797,2.5243782657669023,-0.5849767034856913,0
0.034532912398152815,-0.16730822718119065,-3.112172186224377,2.7869452161759547,-1.819661819396262,0
0.7741091961089953,1.0031494296047505,2.216973684562702,-3.0297572699098416,0.8196226815884365,1
-0.10824358939181311,-1.333179754936495,3.6233712729545924,-1.912932315958794,3.183425089304446,0
3.019443280101036,1.5183841085933714,1.987028919891929,-4.08446596114749,0.7249811877559644,1
-0.3955494290937257,-0.6209550403210626,-1.9955551979002366,2.377199189374466,-0.8812904226166537,0
1.298489331629785,-1.654167995079295,2.857366059392056,-1.4921004210252526,3.1895769675013264,1
1.065292305609478,-1.38894176599914,0.4748643213377546,0.3986161836275299,1.4715557115533386,1
1.62704546170351,0.7584627807424555,0.13605053932722577,-1.3520889779954384,-0.1510543797305047,1
1.033443352018057,-1.3548976928033671,1.634503140909123,-0.608780078948004,2.1660540749379242,0
1.1558173084261347,-2.0204041078096067,1.09388931374484,0.3778516898766682,2.320082299510906,1
-2.5727205414669445,-1.955619122754345,1.416653559845083,1.3922786430187337,1.7913940160495934,0
-1.313432305157686,-0.848161619890594,-1.0131316727215554,2.064268239209956,-0.27597045351636906,0
2.85610594408669,0.9196841107337357,1.6786143116763848,-3.250083239966141,0.9244831792100281,1
0.05870914239813396,0.7844551760290879,1.724982342160088,-2.164604898637539,0.5351490718640978,1
-1.2276473834040706,-1.072983176411456,-1.1068338508408069,2.3056349856511904,-0.16022828743821507,0
-0.652972912723816,-1.0423246349216522,-0.6899386196660282,1.7162268901036548,0.1840810942016011,0
1.072904626634851,-1.2009833443763918,0.9535412245251089,-0.17349164110523965,1.6394232895032417,1
3.645237064897734,0.9005172761511381,1.324794407889454,-3.2164320192567146,0.8618863758415571,1
-1.106421495085107,-0.9700650678140652,-1.6014094601689688,2.595968059509238,-0.5194653063335474,0
1.3379751895700562,0.688959021419113,0.8073733604937952,-1.7613029038470942,0.26420593474699905,1
0.5302488221094943,0.7806797115696371,-0.4577036038498965,-0.4685746765429973,-0.7389880337400921,1
1.1451420334788798,-2.169136147215675,-0.10732598808445859,1.534197778630039,1.6726714978688328,1
0.7077806664831341,0.6922077590647759,0.9286523170650138,-1.6402074778232845,0.22195662867602803,1
1.2040468284562,0.8428272838374213,0.9396201381879116,-1.9574931601467926,0.21372890549461027,1
0.9441169464348347,-0.7006707633503771,-1.6409694551760081,1.6593772752454137,-0.35761286549979376,0
1.3226620910175928,0.6133936719590328,0.4534470527117742,-1.3890491211467706,0.09360023993523853,1
-0.8949117889966682,-1.1885923163380954,-0.11417558821795681,1.43724278654698,0.6024313005400219,0
-2.275289632813031,-1.051481678435976,1.955557334577257,0.051473243987406804,1.5451231434648585,0
-0.996683637027571,-1.0033324359681561,-1.5370688307472644,2.5299186342755706,-0.43566969145712614,0
0.38064645610347303,-1.2521164526751143,0.06807229101626655,0.8757917520643762,0.9952727969903543,0
1.040889933908002,-2.3825416871911673,-0.9073878725868378,2.4372512470545944,1.3042537379071535,1
-1.0167481606007125,-1.1842637076447802,-0.6863006804331209,1.9658144186368978,0.21963897433480065,0
0.9396101102488739,-1.379479268765599,-0.6185589817593242,1.3691158226944176,0.7588164238296513,1
-0.5139114631409778,0.6802822135108533,0.6076855460456613,-0.915244364021477,-0.19444370901652294,1
-0.9600004506826287,-0.6234395573574656,-2.417382480136624,2.9430239556278366,-1.2466686824566688,0
-1.3984132614196305,-0.7812798366953875,-0.0029158261882218373,1.1754829307731658,0.29228359342124444,0
-1.9221950687014582,-1.2980473326484443,0.6847424492250931,1.2196680367674961,0.9900138178302832,0
2.0836288216689702,1.815440216541258,2.8698887847028685,-4.754476740751119,0.8951632553804352,1
-0.4056613999893596,-0.9469414498316581,0.1559354440119478,0.8234264617019622,0.6905995522717535,0
-0.05644067390279961,-1.4468779523888526,1.5877581547874435,-0.09693670629048345,2.0015903195879665,0
0.8603953067592263,0.4897577379017779,2.094093196597755,-2.5167837494467533,1.1207001556144578,1
-2.922794573805376,-0.9191710960806685,-1.6932357390209285,3.2861865194271465,-0.9462230402505665,0
0.32840968004964477,-1.346836488116531,1.66826788473016,-0.3901042196851455,2.0520054649785577,0
0.21359476148323342,-0.5308064332467947,-2.0714442949108154,2.1450532382479044,-0.8804081164189834,0
0.30660094952806327,-0.5797897285096485,-1.840304018561123,1.9561216130314054,-0.6844146535037369,0
1.1680440147568592,-2.4306209950488746,0.37332264938340975,1.3394075091762998,2.161477857139236,1
1.6042507504799126,0.7646621281619284,1.3782864209374601,-2.4094272083324895,0.6163326225211023,1
1.1608846369485866,-1.0539747626026341,2.61408903365777,-1.7483007573261535,2.589158669781848,1
0.9649310669354898,-0.6565131315837838,1.1383197207194677,-0.7580593239767858,1.3511140203255452,1
1.6937505895892793,1.8990393372882273,2.8590380876074293,-4.676061765038252,0.7578524874744618,1
1.11719016013837,-1.8770802145895806,0.3848404751465556,0.8743490889727621,1.7690364456042336,1
-0.9963226700146712,-0.9429391329056716,1.3796553353953067,-0.011330294493358397,1.343700656949865,0
-0.01806626188306526,-0.9482531605839476,-1.5752129269860653,2.162246516471014,-0.31864225459632994,0
1.0560658574447732,-1.0162094880441135,-0.7928870833760672,1.1650943920413812,0.41516882933659777,0
1.2775221265857797,-3.03986134668603,0.4049214349137814,1.794165934539398,2.6308891719374152,1
0.872297947475058,-0.17332575072252598,1.1672448887002949,-1.1627099823289901,1.0114802630273407,1
1.2774170581787758,-2.721569935185949,0.5796283185443017,1.3727785352052053,2.515572496919211,1
0.9840656414312952,-0.36757040656989703,2.4890756760420905,-2.165048002109239,1.994624648654516,1
-0.7750547076188343,0.33321296348594265,-0.3434281801057957,0.2876976469210194,-0.5917759035421393,1
0.592975218447883,1.0715965198136317,1.3071449049971933,-2.2464127506391747,0.16979139192069367,1
1.9821495041467236,1.5399614993613113,3.2365976356951487,-4.795166664534366,1.2998274937099388,1
-1.0292531642626135,-1.1026032374471193,-1.152633487171534,2.2984817337428813,-0.13152308488369027,0
1.7379973940530107,2.2581158375755344,2.9842857559909763,-5.106131711009014,0.5910282567490485,1
0.5254694115266623,0.4635724191056062,0.4419466407858933,-0.9634111711308151,0.045677563845356296,1
1.1569365626784753,-0.568905109217484,3.7615184331613913,-3.1412144125904695,2.963138226772776,1
-1.2683810926229606,-0.8421574546954925,-1.37680889844084,2.353277707214102,-0.4990972413491898,0
-2.232249114953369,-0.3101259854667837,0.9272424746801832,0.27935867270400855,0.38797951753769794,0
0.18721950760651107,0.9331570659343811,0.37812354254648384,-1.1886389380274043,-0.3873978959310479,1
-0.7361506650017504,-1.1377332854791429,-0.3808203154472046,1.564030033031725,0.42916641722155496,0
1.7654123984681742,1.1279795837641609,-0.46263361703032313,-1.207169391244203,-0.7601509733875622,1
1.0815219574101562,-1.5361167937498852,1.0952437867678748,-0.0108248308681094,1.9658184784180635,1
-1.2308245001983662,-0.661944489394624,-1.8639377967960509,2.601315656685838,-0.9235459306708695,0
-0.4562270076804278,-0.8519557098425307,-0.10794647077007036,0.9856329127517077,0.4495112418440579,0
-2.889893988139506,0.08222713507878376,0.7254887314841056,0.3531751439085925,-0.13544268783467117,0
1.3455804405288978,-3.6126095374203495,-0.11089814638626194,2.699875336873804,2.725028265338401,1
0.7853315761893782,0.38999403019298673,1.2386442454937685,-1.6742139948270263,0.642916988035005,1
1.309885324220961,-2.9795660174448786,0.07932576103299593,2.008802234085808,2.3909393482798253,1
-0.3120040482793789,-1.1165942196233998,0.47115760467842305,0.6657329748960442,1.0243163590502589,0
-1.5146765469704704,-1.0265471682739773,1.4455426703824115,0.19099745407006538,1.3486297231910493,0
-1.470883557466537,-1.227766098183611,-0.6857753367963364,2.166445780137609,0.1672539547657717,0
-2.5257713224167313,-0.6673352225952818,-1.9939583928554385,3.184145571763164,-1.2387330452200056,0
1.3497667475531427,-2.068417667661969,0.8409550552581375,0.5648298276394409,2.231557050063915,0
-1.912606594676459,-1.4809495170112021,0.9177473606598306,1.1738169453430174,1.2662805875947607,0
-1.0862007183117486,-1.539141974223681,1.7833803640207644,0.18659290061569933,1.9997573091595326,0
0.39688662956149456,-1.2201049446328338,0.08882330245565573,0.8248336160239699,0.9886454291103207,0
1.0107225486316709,-1.2918470946359797,1.2893186452182934,-0.35990632167813696,1.9018113768266405,1
-2.214864343314467,-0.45766144322888636,1.5230561525783526,-0.1092236550597667,0.8673638772290653,0
-1.811215241892313,-0.5329291899584478,1.7751241039096515,-0.40561633345759995,1.1520014517552162,0
0.1540965033835544,-0.9015495628737378,-1.2795802221296504,1.8078445803589538,-0.13529843805373176,0
-0.03449573538364803,-0.8860765589436255,1.2088148302517243,-0.2612122002363206,1.3735009333119246,0
0.9895333530597131,-0.7962282474822308,0.521919704962761,-0.12130146401373221,1.069118858879042,1
-1.1761197636018708,-1.4151671267986972,0.6744332046418662,1.0594681413111116,1.203145993696235,0
-0.35686689173888164,-0.7397017238567476,0.7167477933834825,0.14985995522573206,0.9037383463994282,0
1.0311673298853468,-1.3668746815719885,0.727841711838485,0.1761314674365243,1.6077489055709597,1
-0.8851018320258173,-0.4307752561912629,0.6981522803065705,0.09203037359970523,0.5773084619983628,0
-0.019257365835458784,-1.1413342930346886,2.4911732632417225,-1.1428311884580544,2.357285161741227,0
-1.0170790129011922,-0.9450405859980685,1.7048471471711513,-0.27959715748498426,1.5444972646039496,0
1.268174812761156,1.6971865270447961,1.9488911853968245,-3.572993225668872,0.2535259401209975,1
-1.6526957677852145,-1.4171787642396538,2.2230976514531835,-0.08865083995835754,2.0844069941701,0
-0.015998611774821425,-0.7568272712700242,0.13497965637123,0.5380633041863664,0.615009728335005,0
1.208467710999203,-2.2285120528827997,1.1245975898776046,0.5106894701323571,2.495666859461411,1
-1.4105818884969306,-0.2521335902172739,0.848413364988356,0.0005502099556148684,0.4487211318310032,0
0.42826327937179665,-1.6566483730213357,1.3581966564533605,0.10357187327863811,2.0951054225313173,0
1.0832923428712318,-1.2035763032989517,1.6344540161207206,-0.7561864194068065,2.0684806519839887,1
0.12437942240687061,-1.6063799146552484,1.8452943145582958,-0.2455292807943793,2.3081216356197642,0
0.9534131343951034,-1.6067378780112391,-0.4934030981087203,1.4517428794192377,0.9997662584885124,1
-1.2073043585487477,-1.2787823664540672,0.5345842422696476,1.0733997259136232,1.0139014253646708,0
-0.510450465494603,-1.4519165124733115,2.244025993035879,-0.4889400457698976,2.331707241504994,0
-0.2792615940661971,0.9608138412927731,0.9419919174361402,-1.5252508206615696,-0.1403400959063971,1
0.2932169261205295,-1.4093655890530417,0.928146940625077,0.30779003146769923,1.6273272132116792,0
-0.10881874809684233,1.004419336918128,0.9439321333027065,-1.6257124977891846,-0.13857814021281917,1
-2.353277136329687,-1.6369663904931557,0.6890031813702273,1.6615342432360722,1.1524915213989717,0
2.396584816399134,2.4401314008792667,2.2718702423281343,-4.8914329084184,0.1386178190254303,1
0.9987190282909781,-0.4622107473055308,-2.6198098544306214,2.2711121829847314,-1.1271414271511917,0
-1.0231930546158108,-0.8770224414823391,-0.4149133701054104,1.4736508240193749,0.17133954402390847,0
0.7130759588042024,0.22970207049374314,-0.2668769919489702,-0.226030635539036,-0.19773014444666595,1
1.0843484809533648,-1.1494644500514215,1.9382367912691238,-1.062143691203334,2.220273885705828,1
1.8150801780318224,0.9713687233356485,-0.5868891568565358,-0.9850503211232258,-0.7182201259738571,1
-2.357425612730698,-0.8581245827953159,0.8763107161089975,0.8368311382411299,0.7195719036928517,0
-0.8073022563564671,-1.2689743318562792,1.8045813051469464,-0.16327432900511382,1.8737167417913605,0
0.9991035420045554,-0.6563944673592162,2.003047381407938,-1.5085436586862735,1.8974438307872086,1
0.017528317417896844,-1.357508443351467,1.3926829155523612,-0.033587157120990065,1.8303075364962886,0
-0.5497945988908222,-0.3210754076876251,1.972415530112413,-1.2104032051541243,1.3574764687575132,0
1.066170938018403,0.8541536672471833,1.6751258366940742,-2.545195392058158,0.6398489025909271,1
-1.2702638781821254,-1.391582860262814,0.5393961696861633,1.1885153111806077,1.0848817077976192,0
1.109299348407969,-1.7410944925887952,0.8383190134573457,0.3738069395298769,1.954963268683128,1
1.012079336025177,-0.9727405686569592,0.5395863698217043,0.006498396096676074,1.2087516445321693,1
0.9930884460401906,-1.126057066836532,0.5555337382842414,0.1309080883178262,1.3233284360739663,1
0.795342514807053,-0.2368288728205633,-0.11898793791981688,0.017197734847338875,0.23870008639125054,1
1.1590745085029368,-1.955927974604146,0.5559968383611913,0.7806103849381029,1.9392323530895819,1
0.5951086982239686,1.5164846928228197,1.5574072297539794,-2.841403857120646,0.012817682828097548,1
-1.6180426685264393,-0.8618103357866482,-1.0672043074671547,2.2320066093935282,-0.3560537484233416,0
-1.6560960749167797,-0.8537562782940336,1.997513287754088,-0.37691690755270646,1.545609026594957,0
-2.1859834740233977,-1.330740433092492,0.22222280610611223,1.7375833514109782,0.6757240005383804,0
0.9007458914956226,-0.42922417295876414,0.10997797831723155,-0.05165632914631612,0.5367306300134088,1
1.628970865166927,0.5414745841723125,-0.5273153360388521,-0.600952732959245,-0.41206509536841146,1
1.5499433048986364,-4.728963236277432,-0.1943399120368674,3.6524418728715364,3.497566174185501,1
-2.162435006826943,-0.4164803139330555,-0.30997785960348767,1.40113721959022,-0.2970224207390577,0
-0.9601582061203664,-0.22198876604029616,-0.12070028722343684,0.6393847002613886,-0.09517087249782911,1
2.55309050852739,0.8350935201016737,0.5855458703866543,-2.1354345939703436,0.2457206291815304,1
-1.9946242600891209,0.008634143524977045,0.41141591617139583,0.3611686463785751,-0.1153477992716009,0
1.0862146900399006,1.1451772807302922,2.2998541530338814,-3.3346214337510984,0.8285572169891162,1
1.2776674779466108,-1.8008339586928446,2.070486232481007,-0.6874998158571903,2.7976546166759313,1
-3.3586942384253655,-0.837340639872354,0.5731364286639222,1.439090430858351,0.33169534595408284,0
1.0757311168170922,-1.6149620218081415,-0.2997657059416978,1.2493728427151842,1.1489771965246018,1
-1.5528312597577851,-1.6989751058586444,1.2566277652600362,0.9412948879417454,1.6977460077001776,0
1.26789245549449,-2.2457172066458275,1.3730457317037443,0.29191481196011554,2.673898754686865,1
-1.5064685511825828,-1.0261843271403803,-1.147980314457382,2.401320079292793,-0.27012335798553694,0
0.6986912782599225,0.4489383278975341,0.4179298207665342,-0.992894647349858,0.0728005094356061,1
0.8131723120509398,0.8482951710488758,-0.103827378467239,-0.9305437427371626,-0.5136707023475082,1
-0.055034669314546036,-0.1022563433955086,-0.4913228202158606,0.526690544507343,-0.24490216880515386,1
0.7892317740980372,0.8816455724771649,1.1157766929672897,-1.9913809337368344,0.22022525004571775,1
0.688092190869118,-0.026727999819764037,-0.7881537838754926,0.44728487773964337,-0.3471178146411489,1
-1.3554098080915402,-1.5661974301573207,1.0291371504025615,0.9506295073046013,1.498276444401018,0
1.0165811330119658,-1.1858535895211657,0.9832729081404581,-0.19148931705622005,1.6369849464578212,1
1.2576875171263788,-0.8542608645812784,1.426450753126461,-0.9404330583683989,1.72427610203192,0
-0.5993966900223275,-1.0957189233251967,-0.900227051361914,1.9220595003118468,0.10021308323735549,0
-0.06886830599818516,-1.4911347128359531,1.303951457556404,0.187642443956461,1.8532380838474949,0
0.020252540955653098,-1.4643483810190532,0.22331631872943092,1.0549005361576405,1.1757130310826507,0
-0.7869267945208434,-0.5739219333709492,-1.9225130523003866,2.4158355403996103,-0.9406916011312767,0
1.338322434901237,-2.6692661518660326,1.5551708230767634,0.4734204359527252,3.099234270426681,1
-1.3607493436041769,-0.6559402757700512,-1.7797618791470524,2.571213549249084,-0.8990565254563503,0
-3.5653075652358783,-1.9646446976718785,1.0618555567103223,2.0609699990215375,1.393884086968556,0
-1.0151979914824467,-1.2392554932631064,-0.36606755943815095,1.7389810445940534,0.45872669536271915,0
1.421532592980338,-2.8201316881154397,2.0958310617148106,0.11100988171562517,3.558602480338208,1
0.6917897073010757,0.8722222067783507,1.3198838012034806,-2.122366908154881,0.3364700792077203,1
0.8501325490346403,-0.7695531022664817,0.7103662922017624,-0.2546652134439131,1.1424244532155141,0
-0.8739858855378677,-1.1273515154823484,-0.6343104712973331,1.8212379390825884,0.2381988285915689,0
0.6162137799648222,-0.9454177513083619,-0.854558589385984,1.3158742412205082,0.24596804347401488,0
-0.8088205333702244,-1.0480403121103719,-0.6406829567415924,1.7353098639782705,0.19026189038692126,0
0.8060525665006271,0.7175852780560952,1.4055181304724107,-2.1043867374739484,0.519974285627973,1
0.9564661586361982,-0.9877338509642005,0.7699058279941918,-0.15718750360404327,1.3529773764374522,1
0.22618991137986466,-0.9574408468002271,-1.1509921024244543,1.7198979653747104,-0.002331743121644238,0
0.6053374671078333,-1.6843943360709552,3.6124294579844825,-1.8605899357737201,3.555254507223836,0
2.3124630499229992,1.6724158542088325,0.9056209363175896,-3.038161842178856,-0.188923334427799,1
-1.381584002537825,-1.7519213027955653,1.7765068676057694,0.48108152991174563,2.091256266415756,0
1.0021786409361972,-1.2237937748581924,0.6073887212279467,0.16698726050056345,1.426301524137636,1
0.016733459944887397,-1.2864945681151119,0.6022991408057758,0.5805438415119986,1.2863890273647245,0
0.9265517086038585,-0.8322749455742247,1.0499928327204207,-0.5184519729668003,1.4128235242366616,1
-0.7865005413945043,-0.8165845855667025,-1.7106174206634086,2.4424348764738175,-0.6371560017524784,0
0.5390214402347273,-1.2101637012991502,-0.9459986505029558,1.6482728610428636,0.36134845305140206,0
0.29210066436568105,0.7967245437132986,0.9401935818574594,-1.5894903396145756,0.07914612442647265,1
-1.6264980499293586,-0.9376166770843475,0.4880665480031695,0.9724755971064608,0.6673203952895482,0
-3.1783099820816654,-0.49324411784166244,0.7415708322248578,0.9358549452462465,0.22740632884182468,0
-0.02430939237633667,-0.40294789266322417,-2.718901929987288,2.6741166094112816,-1.4186678523091676,0
-0.42665922000120216,0.3578672271575527,-4.65979576077522,3.8249541251026886,-3.2413413745762076,0
2.4737439358133004,1.2632156636239487,1.8438925321111292,-3.547090788157476,0.715291942847683,1
2.694115009205798,1.3921972943918386,1.281937869752822,-3.2573211993317654,0.3137950230807157,1
-2.3317750335859477,-0.4354805985727812,-2.734292056407233,3.5476676916681065,-1.829029628687641,0
0.6398566987595073,1.4372351662291307,2.0000284543550846,-3.167529745368939,0.35338904820618605,1
1.08924847292193,-1.2030829389374251,1.7239198641329943,-0.8351174985181741,2.1251098934578563,1
-0.976513794593715,0.4980152273876658,0.9830639449340689,-0.9127794887726363,0.08360490225612625,1
2.0178661333432935,1.064652384987591,0.8079288216851974,-2.3285172153177593,0.1244924955071106,1
2.3212492394221718,1.1871382626251135,0.3820935155082825,-2.1793218055134806,-0.17215711725223146,1
0.8678526333713265,0.3784726121078388,2.462250675420681,-2.7384911339520075,1.4304998347541336,1
1.276625765359296,-2.2375154678547178,0.8922995357666688,0.6920678276270478,2.3694285925839575,1
-1.1563584011376509,-1.4723613233383246,-0.21293297949281065,1.8586446609804292,0.692822096592741,0
0.07602409141077515,0.5280964047643877,-0.5304573623904514,-0.02648936391355886,-0.6897404281859166,1
-0.4635036262794431,-1.3696404857274485,-0.6881201184562754,1.9263424876260704,0.4507949870483057,0
0.24009682898900042,-1.6833763013643672,0.9512551761017942,0.5416612856984022,1.8252110323106556,0
-1.3972953259771703,-1.5534270104306036,0.7406238423710338,1.2010657113441712,1.3013658411600775,0
1.2170905342987604,-2.4107467554192294,0.6858413590754021,1.0379697885178778,2.3516803867332707,1
-0.484598418770239,-0.7207152545250641,-2.191381122126626,2.6618180796912156,-0.9496205594962832,0
-0.46269535107890847,-1.3903257490191872,0.4006876818096361,1.014440911868378,1.1456355498450919,0
-0.9663724112479608,-0.931789756699622,0.6099434357225902,0.6252801404314464,0.8605499051443541,0
0.9968837561403081,-0.2786303586333908,0.043872985720484925,-0.15876293962166552,0.40690880035302496,0
0.5603153659326758,-1.138788016560753,2.827223367402955,-1.6409534496581717,2.671817061588879,0
-0.6026701147304252,0.12686882847440228,-0.4626420033478451,0.5037836167746456,-0.48909644485661624,1
1.3126402991885122,-2.801342949970591,1.4283342924235076,0.7039403436689597,3.1084186856848257,1
0.674027739008222,1.002941073827889,1.8934447693734684,-2.717332733233606,0.5993056779524802,1
2.5612607466027386,0.8910798506393317,-0.11589573951075094,-1.5875946258803149,-0.23039955591512246,1
0.9363359792169004,-0.3890932936365936,1.981022800648061,-1.695784815924486,1.683688948104686,1
0.9993029080600105,-1.2005223203524298,0.9133752319147356,-0.11304698182321617,1.6004947133172984,1
-0.2941792885741201,0.6422226073687721,0.874687107235781,-1.1898549942353318,0.039516623440686745,1
1.3105882267322697,1.052752570746285,1.054564062174623,-2.2736409530020216,0.15707249435025306,1
-1.2812805748437432,-1.442452051776912,3.2058723381284437,-1.0398497901260855,2.7842998781839183,0
0.1832661031881091,0.2998847691603046,-1.3167049844665528,0.8011291884893798,-1.000255968350079,1
0.8858216951626049,-0.4479791309252644,0.5054912021139171,-0.3677997360931019,0.7942655897391712,1
0.8154251241541303,0.6748630617094131,2.498541211458659,-3.00412274306751,1.234558519561408,1
0.8757076349839024,1.0599020839091804,0.5966859496902197,-1.7320405481095853,-0.2138260803735497,1
1.0359521222047952,-1.6867618006438285,0.4724199774556198,0.6660863518993729,1.6746326819210997,1
0.4015781340589928,-1.0005597467383656,0.2522115371230881,0.49585754245092584,0.9367648211346277,0
1.0692382058776906,1.3399858057594076,0.855175267318049,-2.2621165684181403,-0.21431476495867363,1
0.5126417443932949,0.6759146542156704,0.04324115537656248,-0.8001515930310263,-0.3554442981846294,1
-0.25555222350552187,-0.6977066725472202,-1.9001094593896641,2.3108856515299987,-0.7418488906775387,0
0.10526812428085197,-1.5226676055308044,1.6621870477962495,-0.1539691963171073,2.1312123073826106,0
1.5404897230675303,-0.5971362270194622,-1.6950596184950004,1.4017817234316625,-0.35489756138845063,0
-2.0518206455266195,-1.184324019105131,2.6460718016897458,-0.5048671516767579,2.1111411917937364,0
-0.2312603094745007,1.4988262462117086,1.5612296920656101,-2.531387418279556,-0.12407822938643347,1
-0.35964914618415944,-0.5724671887987183,0.20984800918174917,0.4404312217312238,0.46868423920756097,0
-0.8448245963821238,-1.8350024531124185,1.5194079587584421,0.577922919756166,2.087800910563291,0
-3.368442984379255,-0.2804819616330858,1.2768465982792705,0.3655695685034797,0.37682938581894493,0
-3.6444834657259446,-2.098297268348177,1.5852663025869869,1.7571479594950516,1.800524258769602,0
0.7861711299823664,1.6210069799871023,1.9396009410417339,-3.3259720495377842,0.21293317238394346,1
0.9590626081119593,1.6474051805793328,2.3794720825759206,-3.7863735885615917,0.5008243330683252,1
-0.4854477638015272,-1.1545131984489658,1.8803091423254084,-0.4419668384153129,1.8994106928204928,0
1.4182189912408771,0.8614474293127405,0.40314480865708713,-1.5928148988810793,-0.09517573869609851,1
1.1406478518774052,-1.3653687372182732,1.806024887232108,-0.7848986370840313,2.3002600156110398,1
0.4305695790991275,-1.9464180154221344,2.3626198056821073,-0.5066343794134619,2.9272412442718476,1
1.8373354762855585,1.2177245109676993,0.7186665555220786,-2.31815133372163,-0.07234232879919844,1
1.796716314863402,0.8237884591217453,1.1650169537007815,-2.3474305070757477,0.47676722162820895,1
-1.2213865955937009,-0.6339504893749115,2.3771808190524837,-1.0458717877798955,1.7075983245990072,0
0.19129564696403922,-0.27096221357282335,-3.0010790341910125,2.7242431910659883,-1.6483992662645133,0
-1.9004793153941253,-1.1443201988483611,-0.6003721279540686,2.17716921138678,0.08288198279527532,0
1.069430555948117,-1.6249292729120899,0.6723794861997073,0.43043914493461033,1.762083749509717,1
-1.3256633839643133,-1.5495192167204177,2.488278816575252,-0.31976277258404656,2.403409116866378,0
1.50974560000386,1.4942070429801935,2.171462447571182,-3.6764662710127167,0.5800274956372463,1
0.9430823790490058,-0.6370703036459604,1.593672205995718,-1.155457347243959,1.6178221820162277,1
0.3392383723929484,-1.0063560203509676,3.517401135473829,-2.2635580307674026,2.96895578493381,0
1.9108450755209803,1.2251816131042246,0.9150895757258632,-2.5187037852033667,0.058589865870490476,1
0.26852406642624604,0.6393111421080461,1.5289834664985595,-1.9488470807571283,0.5535869028477312,1
1.2563926928390647,-2.107311472740605,1.856841888602496,-0.2352719258187185,2.8763940170135607,1
-0.47766456854867934,1.1119554415704893,1.8030709026242637,-2.3179091977327917,0.2545207312858334,1
0.9179007004551112,-1.1068821698788323,0.41032563473996364,0.2655688936329621,1.205300657250804,1
0.9516837560826724,-0.5141909806936888,1.015019797758152,-0.7698043242829619,1.171313706394015,1
0.5789008341008062,1.4316517655852232,0.8744910363380378,-2.180102668711765,-0.35691627892196126,1
1.248423255307211,-3.1987010627839774,-1.1467188603920957,3.264897994147152,1.7683347700778487,1
-0.07391466447932526,-0.44688489816963406,-2.9553044693907755,2.9313768093546337,-1.5444616677512615,0
-2.1775763404724335,-1.3652122165278104,-0.16423870648286154,2.0938902130500776,0.46017627263369554,0
-0.22641016247008316,-0.7647652195818953,-1.2641858274401854,1.8149755255922382,-0.29199542437943093,0
-0.3272699858911955,-1.124348092032212,-0.3810242378845714,1.4052197009572012,0.49467818012410564,0
-0.9834926695736617,-0.2504182243682376,1.6419356206908882,-0.8322984001463547,1.0215934815452632,0
3.5189579245138396,1.4465116906766333,0.8956100657041132,-3.2716759986511805,0.18563873493636593,1
-0.27108750590204744,1.279434441856734,1.6930089061280285,-2.4417928910752686,0.10561457358964137,1
1.9228350436797825,0.3326373526475874,0.8156662272045428,-1.6745628372186117,0.6280157298518009,1
1.1831919758004168,-2.0346843174288485,1.2875957887472835,0.21486146069374426,2.4561733904411893,1
0.6952781017550982,-0.3359407443743261,-2.7326257062379558,2.368860204765066,-1.3423588912359217,0
0.030963632665202523,-1.2922030755315672,2.735972741368326,-1.2408160187420891,2.6257934419739626,0
0.747030347684381,0.7230003811897838,0.9955571690779592,-1.7378178323083084,0.24924288820978763,1
0.08798294921815175,1.3013313189711286,0.7681588366065536,-1.8007191220861993,-0.4215871820468764,1
0.10932889985819338,-1.2271566171930588,-0.6478842575165931,1.5634099025669241,0.4806442937571442,0
0.48294465288168675,0.8273558738237939,0.1309564618028679,-0.993866258024331,-0.41288742526464006,1
1.167568796524669,1.7621576229814448,2.6012593348793978,-4.1490798546156045,0.5967341164967667,1
0.8737036750210628,-1.442845369004592,-1.190246053306982,1.9350485159888355,0.4342984532317926,1
1.026336993384449,0.9927863402586972,2.446553273775179,-3.3078485399894695,1.016646016057416,1
0.8661460982391627,0.3651907833643717,2.2030152973587245,-2.5052525525943072,1.2776240217814672,1
-0.9838180184971633,-0.2938790430885866,-2.8654626471698146,3.0521055678193663,-1.7632995049502054,0
-1.9307408311708016,-1.1181327326730401,0.5002377296987978,1.2263035574557852,0.7463399353148329,0
1.1313401781110206,-1.5624533422742926,1.2802398666461583,-0.1641640739956446,2.109090597947673,1
-0.6444895546726218,-1.2468187695326611,1.3647305739982434,0.13444087258844906,1.6132439608167244,0
-1.2758191594133594,-1.3882166249321828,-0.14607569838073697,1.7726960866830688,0.6533186670627081,0
-0.28824999156492104,0.8052852732926511,1.3800580781040064,-1.762839822484373,0.24130305910576663,1
0.49111926752568713,0.9334717569360914,2.0577966514629704,-2.732177395055562,0.717363069949615,1
1.1254692184308743,-1.8014511965279185,0.6726191764246775,0.5610364293386979,1.8969875989733955,1
-2.005889419620445,-1.0036866989866056,-1.5352215984429574,2.8927878804265603,-0.6195722000057542,0
0.7245607226595785,-0.8647699013931912,-1.7601428568860977,1.9807069404078896,-0.3566613838454393,1
-1.0562964733991442,-0.449340588583352,-2.8015118464517075,3.156678529699795,-1.627046808452209,0
-0.20754926876121227,-0.15818638491921344,-3.342443256177707,3.063027856446572,-2.014378985282811,0
0.12811259256261942,-1.2593516399430442,-0.3592091558579895,1.3377897835045787,0.6871102691241255,0
-0.06728500027434303,0.4438091933717421,0.3832210417418598,-0.6825017730991793,-0.08590863415756392,1
1.061295361261607,-0.9222741817178183,2.0522963328281003,-1.3455471179131702,2.12709602106835,1
-1.7912121123498443,-1.0362345929831411,-1.1276678106023426,2.495323094686445,-0.3026325031208953,0
-2.07599853193987,-0.7514345515938683,1.2932491996368944,0.28814790633383297,0.9564540978671283,0
-2.3145506161984897,-0.8241871603777461,0.9155857867181989,0.7588044481202065,0.7280479294347361,0
1.176748914322876,-1.6374403156563513,1.6314286719759674,-0.41613678627732786,2.3896659256096573,1
0.8119295490852038,0.9332916444144328,0.8404466319013897,-1.8087594908939828,0.015996885440440114,1
-1.5596717372077877,-0.902749186281163,-0.740613412344668,1.9672218201856375,-0.11247019067926241,0
-0.6355921037378769,-1.2081291665052252,2.3883135349326685,-0.7755071255508025,2.226963267625739,0
0.8041674903993788,0.6002498137000136,1.8447137273368392,-2.3781785292724504,0.8766974802778411,1
0.9909805857317118,1.6867915218603682,2.28142705421793,-3.747904617935118,0.41767158287796974,1
0.8738154824408277,0.4236940676014396,2.1328674888221357,-2.4982000333445544,1.1939651754872858,1
-2.1739015210824757,-0.8341393281254192,0.30420174525857613,1.2383914253384372,0.3789988751055641,0
0.39167327626962234,0.7704178921304331,0.31567112329131475,-1.0698764076610692,-0.27412048450982057,1
1.302621239792182,-0.4832933608714114,-0.48425801479766695,0.3567826145597225,0.27746475798587306,0
-1.4004189332004666,-0.22677058193467792,1.3941678648419817,-0.4906221641832915,0.7736010860839442,0
1.9412795899180098,2.148654228547633,3.0090274731012605,-5.106948571594751,0.7209893388008324,1
1.2412233523208482,-1.1982436661325797,0.013859576732234036,0.5654580431250495,1.0814398072357918,0
-2.2865587900075925,-1.2422854512682013,-0.7645359032767156,2.5404033957143937,-0.021475989716672316,0
1.0279613014782016,-1.3507331063174794,1.2934962894168196,-0.3193126691244797,1.9491063583012542,1
1.4231045066903925,-3.6409653312062127,0.3463579820009798,2.3058904414639754,3.044874438262407,1
1.171820335146638,0.7319190998809598,-0.34410057619743006,-0.7553117116609447,-0.5158441542797231,1
-0.508406234646527,-1.69596578302453,1.422365636046079,0.4204109220966046,1.9909227242821412,0
-0.9972634953693906,-0.9586698884591089,-0.8487319431335694,1.9044156200279652,-0.03730837456848023,0
0.8460869488004206,0.8856076053446829,3.2036107645208105,-3.7972699017365943,1.5320046905294802,1
-1.8242910192318198,-0.8600209526950464,1.2310697566486835,0.3432973651635169,1.040395760355077,0
-1.8581889965872187,-1.4146187839957611,1.2612994021876525,0.8042085554944363,1.4440976331174293,0
1.3120667549923395,-2.73162955484891,0.7306609424043179,1.2399749396488988,2.6233679190042123,1
-0.593634561440572,-0.5052020147217562,-2.422042007053996,2.7136512409196465,-1.2656771927286634,0
-1.8621750462618023,-1.094901581140049,0.5598565479216644,1.1308031770946947,0.7797895332598032,0
1.053812023850557,-1.7271208048983302,0.5671683487510643,0.6133023488917211,1.7655520505253164,1
-1.8553906333337133,-0.9340422831948821,-1.028546109714048,2.346449077187221,-0.32455702669074743,0
2.0159441447086097,0.5223102251697889,1.041107348217555,-2.062847525294893,0.652193171686187,1
1.0615701957369807,0.1276828212449299,1.1357804520772476,-1.4616735048588163,0.8143405309033146,1
0.6748484094399578,-0.64911136133681,-2.8171387831538084,2.7162947217972833,-1.178085186178128,0
1.059394593646376,-0.9534229272903643,1.7190223182126454,-1.0337599408251776,1.9405353004911519,1
1.1690862237612825,1.849156754128947,2.864099688725913,-4.448395277357666,0.6998493728569561,1
-1.27464752865109,-1.5947642898789671,0.47534312959538605,1.4185969629626833,1.1873290541442296,0
0.17521455861216295,-1.1961585710971185,1.9905616827471344,-0.7388199518537515,2.1189502041152095,0
1.7084809966222145,0.6242957059357951,-0.5369100455028994,-0.6923093914121774,-0.4618556403843062,1
-0.05784478533369797,-1.0952356475680558,1.5736062823240557,-0.38519584144139285,1.7445518796428678,0
0.811923290090365,0.4643116954902653,0.3670425937794418,-1.003471007115713,0.05096610264075221,1
0.2949868560749249,-1.163743692210098,-0.3756251585923618,1.2097926746948384,0.6400844301733454,0
1.7164790837860657,1.6048976031143292,1.779016776101781,-3.5108045990536905,0.29480461436432476,1
1.2777469571215814,-2.6077146441961148,1.351509670993204,0.6164440761012101,2.9174982414846062,1
1.2405699459356296,-3.2917871721826475,-1.5548677943182279,3.695729349078337,1.5775832609819722,1
0.8906656633905631,-0.6222955498019667,0.7584819019290263,-0.4363424325801722,1.0760912378711855,1
-3.030360916230402,-1.7204713627593424,0.49077669147014036,2.1464703943519856,0.9632279472778064,0
0.9229397194972392,0.9106977321559054,0.013900530694623381,-1.124019918624424,-0.4639784074468107,1
-1.427366534248913,-0.5240949893568005,0.68585092247053,0.3780291489082226,0.5358554142477636,0
-0.46320620482094965,-1.6667766720715984,1.977033540062258,-0.09428462716144498,2.325105898802978,1
-0.9222103652565246,-0.47996596829729354,1.8824132139971543,-0.8632725155783023,1.3449092555592503,0
0.39899439999730557,1.22050780859548,1.215056048013527,-2.2252214781793094,-0.028344900081172558,1
1.0414337615655307,-1.3988530688057859,0.22392914506240358,0.6298797589079905,1.317420495616742,1
-0.81318009140892,0.7337647890808203,-0.026273831368788247,-0.31192856432241706,-0.6830974079517705,1
-0.7306253819642916,-0.9483052302620656,-1.3638111090121545,2.2389641533462394,-0.31739376054077306,0
-2.3135564300391627,-1.44265939641265,0.8133365519152664,1.3748448885550613,1.1004431124985892,0
-1.5944507523144467,-1.7055044242965627,1.1052763749908245,1.0910779248543134,1.6001684687516586,0
1.1100992818209332,1.4922724045353442,2.429731540200708,-3.7510452060086656,0.6693340412706714,1
0.949030485701286,-0.5016054061277873,0.9380069252257476,-0.7138832833011758,1.1138476012419793,1
-0.10390336504093667,0.9401152533366373,1.2932392370917354,-1.870607956575898,0.1258541500787018,1
0.4589079503134763,1.2194552458009176,2.258288522485384,-3.1363471320463425,0.6350374986564092,1
1.3073362925974896,-3.037793417277022,0.8866107453722236,1.3705130925406175,2.935785281036116,0
1.2671268699926084,-2.806592969140845,0.04994177601413974,1.901324290947607,2.2427717088780916,1
1.0610234011731043,-1.2272587488963653,1.2456173503751278,-0.3960144911523942,1.8382092113405666,1
-1.3870416080084071,-1.872670842860972,2.0345463700412543,0.36611798432271925,2.336574355973706,0
-2.2265784982752757,-2.283055048682303,2.427922700159306,0.6843911305503875,2.7174980313352286,0
-0.2916389676288007,-1.1865891501532055,0.30700247198206754,0.858376226200904,0.9748717277978035,0
-1.2859736248222866,-1.3588812349490622,0.9621289125607789,0.8054000162249401,1.3229929560778213,0
1.0597186298495944,-0.9630719855526292,1.1804447501949844,-0.5659410026956604,1.610984072564489,1
-0.29664100519462777,-0.5013602849854455,-1.767144016647745,2.044241734160485,-0.8047812721402666,0
-0.5731658167259395,-0.964249485707467,-1.4709341953708317,2.2872208774319125,-0.34415228874231024,0
0.9952436886483883,-1.2048872535174673,-0.4423070197981456,1.0492387716963962,0.7560209348139445,1
0.04403037724304648,0.2451571018656068,0.07614862847942372,-0.2906226416117503,-0.11720905034980267,1
1.1918099280770957,0.4760567405305923,-0.05314992229640447,-0.7919525041762583,-0.1500288748581002,1
0.9514353846213244,-0.745691617822615,1.047567563727523,-0.5994361541751483,1.3548282703178804,1
-0.13498760136835974,0.9051785837335219,1.0711505911442292,-1.6399477310331985,0.006055961094484941,1
0.12082696420407257,1.1774753180287965,0.40361342700552316,-1.3954633006749142,-0.5559340805830864,1
-2.8957456589900197,-1.924584834716594,1.3110221681202878,1.572439142874277,1.6442183769813186,0
-1.1332138170881776,-0.41943630798188514,-3.0006983174855013,3.328854990938136,-1.78667415219067,0
1.5386597080072626,-2.3021920537077913,1.8582767196395658,-0.17161608877358556,3.0665280750931565,0
-1.4624919334689872,-0.8283305204171333,1.255741756418295,0.16458236142896923,1.0998940477241295,0
-0.33117397216227384,-0.5392826832231421,-2.215431712548881,2.4717636266468186,-1.064399251210262,0
-2.242694042883877,-0.6654102947390728,-1.2901029861236535,2.4796116698583037,-0.7484603482905376,0
-0.7579725382847846,-1.1563478157469698,-0.7674951556426239,1.917859701547348,0.19675405999144469,0
-0.38603721627314613,-1.0858418787259458,-0.7969868127242897,1.7485082192139945,0.1969124441860014,0
0.8795200229545179,-0.786684955205831,-0.2127911495212942,0.5373111650016896,0.5832638848503577,1
-0.0041424019709659365,1.2642889316930017,1.0140125513623799,-1.9456253619002817,-0.2588157363279246,1
1.3000984887680644,-3.0525890095033335,-0.15671279676910332,2.2762687013763934,2.2931925371369717,1
0.9372857732775761,-0.8577812260762808,0.9469449496967898,-0.4125510998969527,1.3684115132095667,1
-0.17459333558952173,0.5418265082323336,0.05197739360072651,-0.4449211518221143,-0.38162982575749377,1
1.014725148561813,-0.7611109871804905,-1.681379429048468,1.7200997185851428,-0.3272735153461175,0
0.8412284361415897,0.06907190861560841,1.5727281504425685,-1.7049641838413825,1.0881411801860188,1
0.252701076601069,0.34621469579063757,0.43496846008721934,-0.7586302693743638,0.0739823944548153,1
0.34984155055745214,0.8777181131819799,1.7116370117521085,-2.3380515662015426,0.5145104946813659,1
0.23966908994929126,-1.2445853275537175,0.31647964740408396,0.7081983158648673,1.1192408179117912,0
1.0236297432917147,-0.9696873670672502,1.6371757347894604,-0.9370835479448043,1.8943120536788847,1
-0.724405414877637,-0.8158100159482742,-1.5247154806371714,2.260698025147797,-0.5101797027347048,0
0.4193621436664916,-0.37235997007802546,-2.399056183559815,2.214870148922616,-1.158983360793488,0
-0.829681508547973,-0.8241671663281457,1.8289993489098995,-0.55659133876159,1.571229058422533,0
-2.0036716668012,-1.637213665347319,1.485364039677291,0.8558997564078581,1.7142935650293176,0
0.731118699617908,-0.5086593039243728,-0.7310573311722492,0.7953398152083256,0.03625381847986012,1
-2.060078555823644,-1.1118091206778744,0.973593153732931,0.8635482163762351,1.0138069497114817,0
0.2921632572130721,-0.267671476420254,-3.115548305460945,2.7827331920576643,-1.7037001316909632,0
-1.8633908926463603,-1.3379938659524946,0.0021758824145172717,1.8152027214096174,0.6026225156822096,0
1.1177778784391064,-2.1035874942348833,0.20253712341028285,1.2235208745297161,1.8149802864974833,1
-0.983818633767573,-1.49437434535184,-0.06405028587931472,1.6881490257346685,0.8330216675036342,0
-0.9712439275167525,-1.4506635663315257,0.4565969267529797,1.2018384555378163,1.1297246727006036,0
-1.4883625709834831,-0.5531397198961115,-0.9564199511607636,1.826579404635728,-0.48068447576555406,0
0.850901199357424,-1.3363518274228112,-1.0903319811924232,1.7668889690759155,0.41743339584371014,1
-0.5051574865052211,-1.2083311300521808,0.005628541045991753,1.2112446846813996,0.7627478855198799,0
1.5622122898762285,0.9538818425782396,1.6309903150128875,-2.7718291191620357,0.6330436268205301,1
0.04999747525420495,-0.8763378810260356,-1.4501122013328527,1.9693866195203291,-0.27870945688631366,0
0.8455000650178404,-0.28600814596318125,0.4059556633949595,-0.40686924944065317,0.6104837861497544,1
-0.22390113755782914,-0.6339670962951556,-2.169124837787291,2.4745404208188027,-0.9490159732023602,0
1.3839444521215296,1.517027339958634,1.8711831166452657,-3.394307214165026,0.3532730818370761,1
-1.5743730301157743,-1.1923353329767232,-0.6781625780486233,2.166976930842584,0.12802482457475084,0
1.964965162683096,0.9089494758309907,1.5672032511110676,-2.824266557422447,0.6988333539837335,1
-1.5698555247924262,-1.8107516526017233,3.1266812877623384,-0.5530400672818083,2.9415333101344094,0
-2.0197573715439954,-1.1936234152769016,-0.7955934334368561,2.4290112950971077,-0.026197948399205587,0
2.631316621942345,1.1332568131633185,1.858168762135247,-3.5049460690985903,0.844775411547413,1
-0.21022495138875485,1.3798465708498384,1.4455604047276396,-2.3384606400954664,-0.10857499854287872,0
1.1747646817438595,-2.130775829110206,0.929388119850135,0.6058458584488223,2.2986306251132502,1
-0.1978850131435268,0.6887737134516004,1.0207480806694598,-1.389090724129683,0.11560961787836901,1
3.3556350292084183,2.1697087520683827,3.056555996279799,-5.675856951034118,0.9955299113046006,1
-1.0794318417990298,-1.1653303127543648,-0.4708785319205827,1.7883690173710578,0.32933957797987506,0
-2.731433738466883,-1.0506322202378224,-0.9268648989971534,2.67550565502454,-0.3396919237559121,0
-0.672824293982553,-0.7596174761278994,0.7750529505679219,0.2311388520521053,0.8961854697913983,0
-0.18316843431043783,-1.2973363382551317,-0.2836459163300106,1.4181101498420363,0.7039363505880616,0
1.0001883456127314,-1.1683889722367415,0.38085652149167404,0.31365152818792924,1.2453706167753,1
-1.2459523008616107,-1.3879158085803114,1.8565295080296083,0.052420981548938685,1.9094872239386746,0
-1.284194492291225,-0.7808207639051306,-2.1300122960426187,2.9493731656951763,-1.0157259154021894,0
0.3882278169622899,-0.6571988791477812,-1.7248871001879404,1.8943862841426171,-0.5427525352689804,0
-0.10737765755462991,-0.4695604852812465,-0.8958036939646381,1.2050488477535723,-0.2481820047019089,0
-1.0270121495279254,-1.2091587191443744,-0.5853180089740919,1.9046269955789883,0.2983849436172185,0
0.9298019154691247,-0.8508182856609172,0.05443258466423795,0.34595930147853227,0.8046336686534152,1
-2.1856491501868227,-1.5989223427948405,1.8657709573194068,0.5641206241075549,1.8914959877001556,0
-0.26704527593810135,-1.1135301434231324,1.1449953386325333,0.071763025157847,1.4513134465035686,0
0.64695847083202,1.2931217346416948,2.1605246581394155,-3.183782142789669,0.556558051689822,1
0.3596668972804673,-0.6232735764147797,-1.8600563926397342,1.9910353497219908,-0.6563487243661422,0
-1.6207827447424124,-0.6979331058816065,-1.4960535292104498,2.458818129066549,-0.7399798084002117,0
-3.051562495384241,-0.9709094369756047,-1.2152154004692597,2.968918434651706,-0.6347984001439329,0
-0.07688756944577657,-1.1905424976809553,1.8863010155079762,-0.5636735593704838,2.0035755797627934,0
-3.5540068014446073,-1.0705198477743036,-0.7799396508524234,2.863920107252741,-0.3849320976808211,0
1.5464525112312169,1.5177998850561385,1.5588749699847755,-3.187046753846552,0.18748892000920211,1
-2.1903892006688968,-0.6576261291990466,-1.8060925396070402,2.8944809219065104,-1.0666498824192834,0
0.983569794167452,1.4284998435215486,1.7153627879584084,-3.0411106204936305,0.24484738863666264,1
0.2983794960262406,1.1660072902412586,0.43624550855251776,-1.4775684059981722,-0.49486346097761713,1
1.2729151888112502,1.1538505597982338,1.807479731789162,-2.9891613730493547,0.5491687725428979,1
-0.43399969980421627,-1.457961079126986,0.6015569917002894,0.8905080105362934,1.3240637236221589,0
-0.8603185764789131,-1.7886326023780934,3.160549889508901,-0.8568869135674253,3.0773750089354035,0
1.0024202708580217,-0.9585386467909276,1.1893776887075902,-0.5567693431657752,1.6028465808436552,1
-1.2736260665041468,-0.738874171806853,-1.3580318357208887,2.2507807021253705,-0.5611559183659485,0
0.3531442195214928,1.0150566092677569,0.08196913393592975,-1.0658061335566058,-0.5996666796968013,1
2.4827977676902,-1.3785877597809595,1.9342086586564826,-1.3672712658790023,2.6360886471204323,0
-0.497809579652825,-1.400426856887578,0.43760700964061705,1.0042418122168137,1.1693713444876237,0
1.6883274673979307,1.272673962096541,1.8398462294352649,-3.268334326869785,0.561880607382506,1
-0.042165456467247564,1.5828161915131962,2.4812032882889143,-3.4566792599914042,0.4260691707664478,1
0.5082264723375731,0.692245034147503,-0.0348823343438458,-0.7458506987129299,-0.41656810443163844,1
-0.822813017057812,-0.5136192373950988,0.14232985531715459,0.6148310259701623,0.2999725116213116,0
0.7737675371463906,-1.159855684208514,-0.2501054354130896,0.9265799412498998,0.8036586945418468,0
1.393846045673952,0.9710593315447645,0.5196443518395322,-1.7772315187491052,-0.104168036350992,1
0.49559343543516854,-1.5197128082353004,1.3299788443962646,-0.013792151802878336,1.9932900378600573,0
-1.1537969757871707,-0.6284247126660834,-1.7342868116688726,2.4341866877967275,-0.8520525520875909,0
-0.03167342495763059,-0.5999973476200071,-2.147911367076171,2.3580121901651467,-0.9244211211875006,0
0.7420670834990128,0.023744410033339047,-3.4614801331064835,2.666335906111309,-2.0426472728737255,0
-0.127014429446637,-0.8158983862823117,-2.176314466017981,2.6013677915019926,-0.8074382747120509,0
-1.2678754890070076,-1.6741638917784698,0.29465109856080485,1.6383053438439805,1.131690182804334,0
0.9931604000292044,-1.06667002316252,0.7091520963870435,-0.05104056217661325,1.3774235526098022,1
0.7096531027342328,-1.0701166945244618,2.5202495027174967,-1.4915839232205608,2.4590715787605046,0
0.7307692731540756,-0.8930351261145649,-1.0347255086413127,1.383498746854407,0.11752906666819624,0
1.0960359109141358,-1.2663116230675955,1.4072301500928865,-0.5131743436453189,1.973122965481069,1
1.043660324979969,-0.7398623937675068,1.982201203608069,-1.435418033664135,1.9514566480821627,1
2.1710319583395674,0.469060443157737,1.4049993457643941,-2.383834119424605,0.9455154039841077,1
0.7507304948119851,-0.3422347219313444,-0.1785380942240684,0.17430033459124622,0.2676325518266799,1
0.7482471815951666,0.6689418500350104,1.7385094448979876,-2.3261238847985024,0.7516564093606366,1
-2.2526681376416704,-0.14471524833593274,1.4912155485743337,-0.33614540664835924,0.6198772791399305,0
0.10735147732204098,-1.4349090421097412,0.14756291709068659,1.06294302191661,1.1236300719266392,0
1.04332000917756,-1.1739932029661855,0.890107597252436,-0.1317669076770139,1.5753376570320317,1
1.0762702264532291,-1.1170646116660512,1.8709623031972238,-1.0295289190766954,2.153923682024673,1
-0.4577329370835882,-0.9065844862682989,-0.07325239478573842,1.0033017596409441,0.5094242734064378,0
0.5096774909200339,-1.0615117442444784,0.3291142118556224,0.44336285086502586,1.0476265357830385,0
-0.20441075538315534,-1.1493011290418575,0.8416231729419996,0.3386975318412602,1.2985392705174412,0
0.8923320352639561,0.7014836499191437,-0.11609246898125614,-0.8230345621657786,-0.40328100597970484,0
0.666520291587515,1.7468999858657432,2.7349870124889404,-4.069375167920193,0.5990226980083616,1
-0.5205003651162732,-1.0176734725543781,-0.5900372251665018,1.562071187365973,0.2534256369466383,0
0.25806389975440736,1.3689972309954428,1.4034148048496078,-2.462175462325416,-0.041265557776701295,1
-0.07583701859699932,-0.6301170137512562,-2.344796424992011,2.5677590950228155,-1.03427429240747,0
1.0436330029901772,1.1314237042679212,1.47488035589988,-2.603367918988091,0.31512887803091005,1
0.9501598054824796,-0.3359280233733487,1.8285888013733693,-1.6161540708518214,1.5535251490128243,1
0.2507462997797021,-1.4125900141880026,0.16907504612655877,0.9737474960325968,1.147659838428968,0
-0.3988501250555252,-1.0051452995401424,-0.6248077958913949,1.5371358264946124,0.24521010175746008,0
1.733774168009202,1.8512089664556823,2.38795293180612,-4.247506938567243,0.5046702373815588,1
0.8939980286168526,-0.43617142756734917,1.1573469688024387,-0.9372165358784322,1.1946130620330861,1
-1.191702893192955,-1.5165359568910517,3.0979728741101473,-0.9166963300930014,2.785586127247944,0
1.2699190581235786,-1.7039299967266408,2.2672199507722435,-0.935523322258178,2.850792184193192,1
1.1742316305812588,1.1588688525883113,0.8022655622442909,-2.0998884837525154,-0.10038107398174767,1
-1.2985651246742422,-0.04854448127277522,0.7902645025435808,-0.16441613361058657,0.2894179306032085,0
0.9073560476847055,-0.09448923837513878,1.6095813597320094,-1.620345645761454,1.238629027894699,1
-1.5424754969018641,-0.4709612416955855,-0.028996779775352755,0.9842335798206898,0.030736647205592348,0
0.6591372849242039,1.2793919992507532,1.8235633279044707,-2.8888307029057287,0.35799730058680757,1
-1.5569485631672513,-0.783713233528354,-0.20698332312186052,1.4089410945145944,0.137422145522324,0
-1.218492885613333,-1.1224455148737804,0.7380179905313502,0.7700516566214373,1.0286866329968034,0
2.988068432536478,1.376744557967536,1.773376076706,-3.7696121868349226,0.6856344920024718,1
0.9100309080145009,-0.10411063938627974,2.0538803929596154,-1.9922924170142995,1.5234287444714965,1
1.0646038837158562,-0.7720435444696829,2.3123144914094973,-1.6971972023647532,2.1841931554513625,1
-0.1862610755667672,-1.8031007437650053,1.1627755444838317,0.6173949455085368,1.9634649163515163,0
-1.9334356636235555,-1.7969768052473931,1.463796059314772,0.985649546961532,1.8263659262242762,0
-1.4439373745263941,-0.8275112216592828,-1.7231045748731726,2.699658073387522,-0.7579674059391637,0
-0.16246210122284221,0.37705689154733435,1.16274244371352,-1.2563788809771959,0.43059808123157056,1
-1.1238103277315472,-0.49916708276940125,1.261555359389017,-0.24419600192592752,0.9336215660396836,0
1.7375019451938751,-1.5166621061119914,0.6680407221761906,0.10046099990240774,1.8057035522269818,0
2.7795614963429185,0.7207493795267346,-0.6775509333127316,-1.0412597537617063,-0.421046399789652,1
0.21429390259490488,0.18931463424169404,0.14336861991906158,-0.36165463834154815,-0.004583849627021448,1
1.1292298896486044,-0.15834561432589878,-0.5180606163479777,0.17019047945571092,-0.004605613232024664,1
1.0019919995113626,0.7278582265294666,1.3335822388965646,-2.1224768443518047,0.5037748186676191,1
-1.4552056889518303,-0.9487553694315028,1.7148790221331183,-0.12689593030822863,1.4729358060664124,0
-0.8767119764022893,-1.0930539906507573,0.9938770980705744,0.40320621608580604,1.2305376945033903,0
1.4868062479082513,0.8885816628371487,0.7000724492950955,-1.894207440860615,0.08375707907442045,1
-0.23330622235698373,-1.1194658143929626,0.3582233392594286,0.7361842914036079,0.9702486116152897,0
-0.658700169380781,-0.9661406951294085,-0.8356250352026644,1.7774595347745303,0.03831185644277744,0
0.34451914682577933,-0.9050658012957883,0.39550537361080684,0.31244406789155166,0.9484619800863626,0
1.1725694418435524,-1.7492277661884765,1.3488446468483042,-0.0778020132187905,2.2912073889455615,1
-2.101965513876799,-1.2558125743552546,-0.4713978491742967,2.2351753441384563,0.20506033860770345,0
-0.1462154497284126,-1.557010691186847,0.01650150217049906,1.3707604054015614,1.081298808708715,0
1.2076946182572792,-1.4361931850774052,2.950335056166881,-1.7251760775412142,3.0772845537298408,1
1.2652947795884864,0.899415208192202,1.8545372177286166,-2.8088957938598966,0.7565641169660386,1
-1.8585044925405687,-1.3056070147400973,1.1030055954334694,0.8461634776952639,1.2683003616381536,0
0.09991615619941818,0.6116426710265968,1.8314093682771646,-2.12246142733286,0.7310423983511627,1
0.1330581142633307,-0.6787652141263509,1.0530589390720195,-0.3660935682024046,1.1608019595298387,0
1.5155864616620125,-3.9576811253659847,0.42071925483699846,2.4800164395762914,3.3316186169040676,1
1.7769021262821045,0.5994209877238947,1.0411442415169723,-2.042599040971668,0.5539539868259333,1
-1.3710616100117998,-1.01657828876939,-1.1314801901507232,2.3301610276525553,-0.24172711229689406,0
1.045948667388677,-1.4129066876515464,1.0030382733772358,-0.024702353983147175,1.8148171954935892,1
0.9842242044137948,1.5718399801469083,2.579155409852212,-3.90123474994109,0.6834540964463287,1
-0.32303330780338935,-1.0915910855820699,0.6937636622177777,0.4583251238706862,1.143709113513332,0
0.18491133750620325,-0.6270998293383294,-1.6008874929584,1.8361614343064934,-0.5238528621071366,0
1.1241542499979056,-1.218142668888049,2.2996315930709907,-1.3262030422472204,2.5017471743142825,1
0.5992951959421877,0.6424060557658666,1.4354307302599552,-1.990996042852007,0.5537032263867302,1
0.9575071824198442,-0.2109972327972407,1.7676508809133915,-1.6736775603747827,1.4287223575260721,1
-2.035284416576425,-1.6624327121162716,2.862254777837874,-0.2863061091463424,2.5863244478619367,0
0.9714767038478261,-0.9678724703224723,0.818704398714216,-0.22124586637033772,1.3722106888759409,1
0.5876392539735429,-1.274652759350545,2.8546980409721856,-1.5580244625974966,2.789793205536795,0
-1.1589620049988774,-1.3862793864836855,0.1808822396365546,1.4498126919869314,0.87763881579911,0
-0.4454995960252952,-2.559511230552345,3.0331979870983043,-0.23834789937933193,3.6175358024581685,0
0.9485229786955138,-0.4390308665574252,1.2089776252071307,-0.9985111419384313,1.2388911762088861,1
0.9345610759582414,-1.1942703060224735,-0.4114854731942512,1.0357446435379172,0.7566449080793182,1
1.191886799683638,-2.1220909356935076,1.3470616297979165,0.2357495383361901,2.55654420382555,1
0.046985085313630215,-1.1370996797329644,1.7652747715999217,-0.5507950077174351,1.9130411616037757,0
-1.109697543714659,-0.7828834302153321,0.09627752659054489,0.9880177360222806,0.4083866561905658,0
0.0023897058074107136,-0.6438563603994787,-1.8238194045065677,2.106629349797261,-0.6848027911079364,0
-0.6314018346433425,0.6564720527506149,0.46083091815988375,-0.7271390613709954,-0.29095888967916084,1
0.9723453363912963,-0.5789691702292004,2.063418979301458,-1.6166569614356407,1.8756486828787209,1
-0.9577418997879822,-1.0761553132745396,1.5108768325188253,-0.023277809149273052,1.5266801194959068,0
0.9587198162654299,-1.4237307844729075,-0.4824333727754049,1.283895232014718,0.8785555197004635,1
-0.4050274507426781,-1.3713361431906304,-0.08052497629170385,1.3881059561814646,0.8422527239103831,0
-3.603902407255478,-0.4975897294355135,-0.5032510653699833,2.155601976467529,-0.6252340162445892,0
-1.8718445048086818,-1.175837481068506,-0.4518561242391722,2.067041787993981,0.2031306771844801,0
-1.129577732835255,-1.4335197577257575,0.3551318145491371,1.3309027698224045,1.0251854592618292,0
1.2911091591857173,1.3262816537373845,2.1568047349301014,-3.4414000265531586,0.6491298531555169,1
-0.05903463642265572,1.2417158599849984,-0.40491285550876444,-0.6954415780336906,-1.1392886784959062,1
0.24409992321322782,-0.5249874238057366,-1.8100315410711656,1.905949844179478,-0.7156223667779487,1
1.2321742902367847,-2.565553346480702,0.7044490584985222,1.149088848039646,2.4752262126305355,1
0.8895682869084913,-0.11750785913486761,1.0148993454293165,-1.0866677371746727,0.8801342036161567,1
-0.8085317752110024,-1.1511694915566304,1.7480689739540587,-0.2153838277070393,1.7551279377141473,0
2.178391091596705,1.5234987431878952,1.8870063667507804,-3.70000219806571,0.5044668523448722,1
1.1643114868593278,-1.6562011720221441,1.9590425552694253,-0.6752197416209711,2.605249372516726,1
0.06230010128718089,-0.6137619047214069,-2.084218975293923,2.281518685360787,-0.8576763133459456,0
-0.549685509735216,-0.6783645666196537,-1.1860396856987812,1.7910023610693744,-0.36346168213992597,0
0.7933175102654771,0.19122850813398307,0.5036604689725558,-0.8797282598194235,0.3254353598160995,1
1.0649532184520307,-1.2603044724636547,1.1676797366467022,-0.3026400323900177,1.8135485934693305,1
-1.796644609576948,-0.8001850718272857,-1.363230587851072,2.4963880409591246,-0.6172077687779285,0
-1.4998024426172774,-1.3855377861802498,0.4968171963435353,1.3025073969240542,1.0118761490186572,0
-0.450350534458166,-0.9227363013424432,-1.1243051555314076,1.911539349502734,-0.134355642673665,0
0.9979788796947551,-1.3903894278214164,0.7627016365981392,0.17847114651069057,1.6400098047250966,1
-0.6138681058044395,-0.12162802624046276,-3.2847606733738597,3.1291265080790915,-2.0787320876950846,0
-2.0498684859865133,-1.6210625451745684,-0.12013374656019282,2.2290570710567748,0.6915734682291141,0
-0.9564031152979892,-1.2294938848076604,1.4696398845699927,0.14262270807491806,1.6092860182311317,0
0.5620676877612236,-0.7609388807120557,-1.3992382474763712,1.6424708798178036,-0.2342747727549602,0
-2.1447006222192355,-0.5801309789853886,0.33471782053804444,0.9844947508496238,0.22432226220981585,0
-2.7954947365413556,-0.8338471788418765,1.5178818525971298,0.42653881479896494,1.022765205130376,0
1.4404615900610498,-3.187352549719116,2.267338117809218,0.2719697336308335,3.928132615558725,1
1.700028542422876,-0.8907914397051959,-0.5964483081969496,0.657776494897716,0.5676815203387444,0
1.8005104303410397,1.20768980137347,1.0331827052793412,-2.564721268838146,0.12442911368132925,1
0.11690995743352484,-0.406110249276309,-0.33329216681661955,0.5897283016304344,0.09962656862165808,0
0.017436421089705334,0.6440219048083553,0.4960267674585763,-0.9806419763455704,-0.1410588524039941,1
-1.6804180408595035,-1.4989581563406773,0.557492367615704,1.4129263435361372,1.0965841043700415,0
-1.8319480494859577,-0.7768814909449426,0.6736129678374485,0.7507252104226149,0.63216183962972,0
1.0482935027351112,-0.9881239074714393,1.4420960650718269,-0.7637073189171827,1.789986679430258,1
0.08563732048610406,-1.6270109411870661,0.7821640812540103,0.6934913851449854,1.6514867880405315,0
-0.46551364149044827,-1.1140483704171134,1.9868186375655073,-0.5746856136160889,1.9410689291593102,0
0.9782077003975088,-0.33087686022480134,1.928875192676292,-1.7161911398569902,1.6177559978488982,1
0.7476654870418993,-0.022477768830137523,-0.0016416768878730892,-0.2491416736648864,0.1521066992201496,1
-1.5592383337584863,-1.27893985001699,1.0708914808441514,0.7427767371573035,1.284387914811509,0
-1.6226770731975892,-0.2501626895003437,1.070682138558616,-0.11431590147558854,0.5472242123459613,0
1.20743161491705,-1.7792578381205157,1.8247161631506568,-0.4708495785514524,2.61602850363318,1
-0.574689633877197,-1.352348215268461,0.9803640257858492,0.527600612798141,1.4603798369947851,0
-3.7377646515482876,0.06547209015494526,1.968104536587163,-0.3871440718987592,0.4968696380233832,0
0.8380812105327027,0.041873385691622245,0.8284646686207051,-1.0453237133917268,0.6418480436500835,1
-1.115093393915721,-1.1223777035955396,1.192436485699201,0.34483473725331065,1.3314701463386323,0
0.2943202968057954,1.0378746984819567,2.986743626890833,-3.5433536039421867,1.187866263950885,1
1.135737968309795,-1.7736516556143473,1.1855358186709675,0.09576872814538924,2.199657330091163,1
1.7948068463511082,-1.614363481853518,0.332441515396077,0.4498086155648563,1.675487392146561,0
-1.2255845378076236,-1.3362777412428362,-0.0635805638325807,1.6397241900041237,0.6774500645409101,0
0.8832256918776713,0.9176914059741967,1.063146766203055,-2.0112145211761105,0.1791938429429393,1
-1.7783726841753595,-1.5210353976580269,0.5855993544291924,1.4431688817957922,1.1117212109572803,0
0.9593336482298832,-1.1528022826718887,0.26723734738212135,0.41203267428857226,1.1559084923960894,1
0.5649148095038625,0.9602476750423481,-0.13496576458967446,-0.9101702906717359,-0.6576418582622403,1
1.0262453826582956,0.7114873127284335,1.382201151358153,-2.1587186541900687,0.5501402142997359,1
-0.11077115485168765,1.4680938180653456,2.8530040725809784,-3.6511103824475497,0.7266017930815267,1
-2.189011987911331,-0.8633877014629119,-0.46754978561868166,1.9275635094451233,-0.08521555285644396,0
-1.9436946962393176,-0.7361568829819819,0.8595111314343664,0.5975384625451813,0.6990471492258542,0
1.9890663332839362,0.9398534174268076,-0.3607403148745736,-1.2138855842945444,-0.5227918574528692,1
0.623937671538819,-0.9266996308905556,0.3256706824105272,0.28973711285869924,0.9714003543891135,0
2.227521145661838,2.3000642579086756,3.1856670697853144,-5.490531560817649,0.7771247303789174,1
0.9947520456238802,-0.41244729405695324,1.3752846091548838,-1.1798793841166906,1.3325167543253211,1
0.8741409590110922,0.15334308619948978,1.5794568444515622,-1.7946801907173322,1.0389683153126508,1
1.5182044607787493,-3.702182003135538,2.073296893458849,0.8499922143948254,4.184205709986205,1
-1.2150623187683465,-1.3076652516899465,-0.046911157375428614,1.5972208992841421,0.6696199053155548,0
-0.09644733888725054,-1.7257573175720298,0.6618298821011684,0.946379281371823,1.6125137283045834,0
1.6471434417423159,0.45905586733815595,0.5216877851579984,-1.4323305530141068,0.3046283319380859,1
-0.1519511587192901,-0.43991721705973985,-2.22420081557771,2.3295694915370477,-1.107030586088852,0
-0.03797625818922534,-1.2375750981428855,-0.13341564317168275,1.1863706740542126,0.7822976760688662,0
1.3035414455805383,-2.459357539827937,1.1761221029157274,0.6299060800527775,2.708075661209616,1
0.899936207997591,-0.6430306905237833,0.8384043872037059,-0.49016221564584167,1.1423360342553073,1
-0.08377847321389054,-1.3299372192186194,-0.48892267905784004,1.5853450719618831,0.616949622281297,0
-0.6339490368008539,-0.9073068317581892,-1.0895567433889068,1.9349269480096993,-0.15724139472237192,0
0.9294840604382328,-0.1994920492340807,1.6315518363810797,-1.5572476540256246,1.3304524523028123,1
-0.7775155238872649,-1.0972824411540865,-0.6172336593999568,1.746128848359446,0.24537755804983938,0
1.036079556564599,-1.240042006766299,0.5996487896493505,0.17526222637855005,1.4391481693569275,1
-0.1040448811220187,-0.4931844253484369,-2.7902660704247113,2.8409978620296843,-1.4142598289665274,0
1.637200039786117,1.9149132481723177,2.8829630756648608,-4.689658104826727,0.7512206900490861,1
1.034752927784699,-1.6277375369764786,-0.22200047608855233,1.2087153134280757,1.199035750121422,1
-1.950823229544544,-0.7742357102094582,-1.770971401787111,2.8778285663344443,-0.9185031873832492,0
0.08004426718657343,0.4043386661112802,2.0367581751907764,-2.1132011030433224,1.001830394750488,1
0.9047850065935583,-0.7741532131672897,0.6141008078548791,-0.1882859537812816,1.0955722606727407,1
0.7724632266576055,0.6135193737453501,1.2337875059341656,-1.8566607160472919,0.4799140932096774,1
-1.3618157649046796,-0.5925693391334819,0.8783931127245818,0.24862322738500214,0.7164409507088022,0
1.4761482302500397,-0.21876686437435122,-0.33685394787165346,-0.05795360393377385,0.21488470722826664,1
0.09770959072340146,1.3731715196390657,2.327619852337471,-3.196704646327816,0.5036380998545715,1
0.9491696170865378,-0.4535341940031494,0.7464531659584603,-0.5915675746928902,0.9603273072823404,1
1.2292621210287156,-1.9409944346694183,1.6402296150284075,-0.18289325740045526,2.6188397373592065,1
0.781758990554475,-0.3638070856514031,-0.18418704063884173,0.1863820707578605,0.2850118904420269,1
0.6395981538097939,0.6592416470592035,0.51174462427208,-1.231567533765667,-0.027733549014162612,1
-0.7553171356145616,-1.0138991933046495,0.24864311858826105,0.9277479452636574,0.7315171585183577,0
0.5645278083344141,1.143583608779399,0.4134367081474203,-1.5349484481031082,-0.44443078618409226,1
-0.7911394696317054,-0.0653903359737239,-3.7498861100934513,3.5419647476795952,-2.4414682421845195,0
-0.843711450911375,-1.087463656251241,0.8624905426905074,0.4986557467710824,1.1505868046965253,0
-1.6490483210831992,-0.9887078034719511,1.8696495016458168,-0.15487041682977964,1.562188460598032,0
1.5652052813492467,1.4076163102882933,1.8309165203041267,-3.3317364056311973,0.43854858337576197,1
2.2884913393573925,0.8486764543817015,1.8528669459702902,-3.133252059452183,0.9791714678254474,1
-1.0246561114912054,-0.9762968809028845,0.6765246890370669,0.6275601300145044,0.9228187602999705,0
0.3089164962636646,-0.5985948352489998,-1.8764957941366365,2.002264658976636,-0.6933367525470441,0
0.2043734067883587,0.8342729590282368,1.3485176393716183,-1.9384688830372143,0.29161621189948816,1
-0.19017713954188764,0.7887698126807937,1.1716782645295027,-1.6062429198725277,0.14079448253586396,0
0.6871573445409749,1.0936926866606054,0.9805184341829389,-2.020521272364066,-0.032517370781899535,1
0.2738753057995351,-0.3207717929160726,-3.0794836978636386,2.803979926003878,-1.6470901711248414,0
0.018687127434191764,-0.7831776583548371,0.3835146440715632,0.3359650034083981,0.7952016468523286,0
0.7735488398320618,0.49082796979054955,1.1457378082104284,-1.6769336734551583,0.5116235059854555,1
1.672279674597835,1.3882655028804687,0.4122257494924756,-2.1429506503639857,-0.4143101617395598,1
-1.7626733917076958,-0.9864512179112978,-0.5404511701971265,1.9412394218889457,0.034301568911295384,0
-1.1685905602999682,-0.6811194378119965,-2.1585313358601947,2.846703471036548,-1.0826119910420455,0
0.7924506977192289,-1.4213469544035668,1.7081958076743993,-0.5278720839808506,2.2146879809078235,0
1.3583122724683612,-2.9883257757727857,1.4356413894522608,0.8411957888164974,3.253209513514929,1
-0.6250173428478432,-0.3603132257537983,-2.530245442474464,2.6933690521811964,-1.4411873974894698,0
-1.746967646219173,-1.422252888774735,0.35519479714922686,1.5439770788610485,0.9039180465693746,0
-1.0349858227038196,-1.0462786282953456,1.443995769418505,0.03611626910312616,1.4496548123724984,0
-3.1969015754900507,-1.1427726084705792,1.1367893756217826,1.160939135351369,0.9288384504199062,0
1.4062086452660745,0.8387804866330099,2.2659648481050887,-3.1590220875618207,1.0821832687907522,1
-3.2547051701097978,-0.5740979240712989,1.056434112967271,0.7638551370995251,0.4670630162784484,0
0.9872045626736041,-1.2193021947392848,0.06557444898900222,0.6309907371628745,1.0819490837753463,1
1.404497516394539,0.8393279310289389,0.6936421634101253,-1.8168818024604783,0.09935582461945144,1
0.0612016562638763,0.7878792392705146,0.6819316226194327,-1.2781807184735199,-0.11833318677888542,1
-0.5084470755733912,-1.4181157403078166,0.07135570962773663,1.335812320642961,0.9511171989934253,0
0.40522829815944283,-0.9331892915665017,-0.8716603368123235,1.396136804263619,0.1879232145617388,0
0.9713201008034104,-1.1580079637288458,0.7370715742027281,0.011153740600618967,1.4552546341177768,1
-2.1825871663115377,-1.6792898662052824,1.0345363733680695,1.341239556744528,1.4295069371892715,0
1.9185189286332789,1.0729244328592842,0.9784566937211379,-2.4452947595608516,0.20693582664047344,1
1.0301872628330537,-0.035330224009825884,4.1055338294063155,-3.845596102763912,2.7785285524529804,1
1.0755242891059376,1.3492659828798983,1.6238176501429025,-2.9283673264914225,0.2604167399336461,1
2.213260033895372,0.8787213137463908,0.4683182568735208,-1.9500871528331543,0.07933625363980014,1
1.0902118079328615,-1.448156455765921,1.0986509125135082,-0.09212202669490446,1.9075219763366997,1
1.1600756469037659,-2.118180900293332,0.7483876677380468,0.7548559682330537,2.1739937206515396,1
0.7664106613201721,0.15697511089519556,0.16291544280984982,-0.5498856279995175,0.13180554563354768,1
-1.8863884220335698,-0.3220302162592188,-0.06045417177033685,1.0077571531075438,-0.15707095215685768,0
0.5719528235526444,0.6426753118880023,-0.2730293732729363,-0.523174977625672,-0.518670521651492,1
0.370593025793854,1.5665877474439354,1.0896718344665084,-2.404042815117805,-0.35589804982959655,1
2.116421411938282,1.1783079907789498,0.29973380646179315,-2.027566195719727,-0.25498530356884036,1
-0.6203664480478877,-0.7452447741619882,0.7643685543076628,0.20903373785659182,0.8890096100060499,0
-1.666658077342234,-1.0039579096136508,-1.4570309931410077,2.7038817010777056,-0.5082521689457316,0
1.1288625270073027,-0.8119829582456736,3.1515089991258702,-2.4024731520053337,2.748343079464534,1
-1.116411642656282,-1.380566727592318,-0.1102524997523251,1.6780582654491791,0.699570923337899,0
-0.042319574442008956,-0.5643672140380773,-2.5361640568142585,2.662747579237099,-1.1940146043088347,0
0.7051598926765326,-1.4572312443579014,0.42445513787707845,0.6300087247044586,1.4220928816699587,0
0.06422006476592623,0.7709383058400343,0.5991429087643694,-1.1941152606880472,-0.1575467096186087,1
0.26073655254360384,-0.5770860943417989,1.9153729772578574,-1.2351459483572131,1.6511836454095732,0
0.8596124412685893,0.15458235195705594,1.363691217610592,-1.606340377842037,0.9006521607220511,1
-1.1263712054067159,-1.0664092665657474,-0.5094702328727989,1.7536130476672804,0.22686641993946477,0
-2.096114356681097,-1.0781251580156352,-0.46569389839228015,2.0761768269618988,0.08441126115154014,0
-2.7023297299649616,-0.7919935563426796,1.0139402524377328,0.7872339937561672,0.6955816436350752,0
1.2307297055379698,1.0375030339691267,2.1991842753215494,-3.2087231163531964,0.8681310273535533,1
1.0214280346586109,-1.8545168224968074,-0.5754572128189694,1.7092206945016697,1.1357084678568894,1
0.7237352396453589,0.25942683981245196,0.5425266626122697,-0.9461406326423877,0.2888498931118962,1
-1.6867806340131142,-1.4978400067058009,1.7995023192111528,0.35419906533124085,1.8704299016359827,0
1.1145338774466156,-1.7274231358752448,0.2789477124747002,0.8376501236739495,1.5968821142237355,1
1.3690955413707502,1.5080374147050812,1.1519054634223438,-2.767348360019309,-0.09240042709792469,1
-1.7605342663069727,-0.7137195817011002,-2.0201131547976834,2.9700389133974956,-1.0818552577796485,0
-0.06343760373570828,0.7215108031463061,1.1138722731078998,-1.5450924420307666,0.1753821624478983,1
-2.5008124147371182,-1.6717023385403518,0.9960756749342117,1.482397056981597,1.3417019431529513,0
0.11918844140763762,-0.4432788201531208,-2.5161416944163553,2.483786686954477,-1.2372312144131807,0
1.0898035704349822,-0.9787812793671784,1.6779692184418464,-0.9879978435500532,1.938355701746615,1
1.1637900810782844,-2.3548626676062625,0.308806703950825,1.3311929668367273,2.0669811309225894,1
1.0247393289336109,-1.6237113170712014,0.057902391791807895,0.9699842756483879,1.3691952658116022,1
-2.4399434530304225,-0.568911036136507,1.4487099274977424,0.1306234260490942,0.8580379819563823,0
0.9680861434519619,1.0805654241255638,1.1818041770923213,-2.282454559881459,0.15405160616315816,1
1.0890051493926673,-2.248838514780746,-0.28634363340420066,1.77543495516214,1.6067409108162507,1
1.2829068349179857,-1.9987301051818283,1.9480062990734748,-0.4155442595551467,2.8616468150973517,1
1.0938604381016501,-1.405992773275555,1.3924522857453339,-0.3802733565873432,2.061981086250516,1
1.1833614834757897,-1.7620017596524549,2.1132651192906238,-0.7232069248958192,2.779679370430166,1
-1.8604969558745643,-1.1476898570482532,-0.534440048569994,2.109352002899519,0.13378276440054923,0
-2.6958791003537064,-0.108019469373831,0.5309268890607071,0.6119945404751036,-0.08720682158142018,0
3.027821756340322,1.357498763356574,1.382732811352499,-3.43407299310758,0.4624945995575323,1
2.6211553891156516,0.9306007859609634,0.7941926874665312,-2.4197861457656513,0.3212048541613958,1
-0.8087162957125191,-1.3829112373123504,3.6278583908304,-1.621469407587921,3.0926754005050747,0
2.7527020136002323,1.9967990848225095,2.456770870728183,-4.7984527285529746,0.632092858541217,1
0.7618195071271308,0.5374805378558474,1.4232690846742402,-1.9494900655187382,0.6499310260545959,1
-1.1928409766021622,-1.290397402901506,0.29509144099685847,1.2825273867207303,0.87515131753129,0
1.0718097321989186,-1.4904454552674915,1.2466127635174065,-0.17558892353782782,2.0263828845259173,1
1.0354125707755393,-1.3712490989935187,0.7319854303548012,0.17480548934550924,1.6142010845636865,1
1.071569153567424,-0.7157969132653381,2.4668203693711748,-1.8797038604234102,2.242322655401403,1
-3.6732371519203846,-2.141638369760966,2.1134492020731965,1.353794251555795,2.155725525697185,0
1.5924352840473848,0.9469530560625874,0.48678110367819516,-1.8002137300363983,-0.07123424569401322,1
1.3345843711300092,1.5371438469577994,0.9399060869152631,-2.5988544232588056,-0.2516821535784378,1
0.9217620897279724,-0.09837235557462298,1.5602630045381007,-1.580127833477448,1.213206213320775,1
-2.4992677588956345,-1.207674146880788,2.2729259468916334,-0.004958504352907367,1.8123670236502913,0
-1.601621726963187,-0.8574599919627314,-0.7965097748174056,1.99131952408563,-0.18702081626240324,0
-0.029045916693063223,0.12909548962270667,-0.6789915107108127,0.47955908146802884,-0.5204793775645578,1
-1.8528110211079547,-0.8538806181786043,1.0616751114266867,0.49291449414906113,0.9250197565021546,0
0.9433978064571721,-0.7854434316673177,0.6677818884393911,-0.2383762945150921,1.1441539103263003,1
1.2972583801450748,1.0662360354866665,1.8145968955032505,-2.929061628751188,0.6198606684238949,1
0.5455817682827468,0.6873400161753662,1.5975237097820383,-2.1484057444157436,0.613406820556852,1
1.5093801696742783,-1.6883239832664103,2.1348420986292718,-0.9222918837605709,2.801069529880655,0
1.010411141231379,0.9513235522367683,0.6228731629829347,-1.7101020200668164,-0.09617687583415621,1
-2.7085115883281707,-1.5749840659595216,0.7997600870866755,1.6421499143280012,1.1127440966231747,0
0.9148365190263548,-0.27322437529319565,0.8331208673067545,-0.8074136092437129,0.8810234901525463,1
1.3997366051963507,0.6477583313128075,0.5837801206952972,-1.557500040634808,0.16493257752566823,1
-0.45645361157109854,-1.2278990620123102,0.10253135600936303,1.1277050661360621,0.8460167756840314,0
-2.32618544881261,-0.71474879430322,-1.8624597552890698,3.040459793498321,-1.0865162907788133,0
-1.0531107937721016,0.6053797442257662,0.9092459912554358,-0.913992177859748,-0.052270845643963955,1
0.8532511069199,0.13419557918524183,1.921179545148458,-2.062424536603606,1.2620852448637683,1
-0.6032177013554432,1.5440506872769184,2.360184492433746,-3.1177836489375697,0.27479189404648985,1
-0.3272355074152927,-1.7693147866633145,1.8014466338524469,0.09424483016104974,2.312693608323365,0
-1.6996162586507322,-1.573155732786305,1.520375304650572,0.6615035055554032,1.7468253337701174,0
-1.9902476795828377,-1.5799211276229883,1.012713971332016,1.2054509543036278,1.3811281805494338,0
0.9548387893235651,-1.2021650228699563,0.3886100682976448,0.35229369314378506,1.2657021451568187,1
0.6218763828136271,-1.3259195068961893,0.4560559065895672,0.5207450273491341,1.3339525319149046,0
-1.6527731188880588,-1.010381419510775,-0.940433057472166,2.2634464125542486,-0.1784885141026062,0
-2.2276543069920436,-1.769932603134591,1.0455460607515028,1.4256524744831773,1.4920205780766098,0
0.7629334597902012,0.18986113764501877,0.6307977361557927,-0.9761079852358489,0.40023483666782245,1
0.5742939495438091,2.1556740880404046,3.446622998597573,-4.993208652243738,0.7383768298858795,1
-0.4857514925237848,-0.7033231840445853,1.9934744493528975,-0.924456524171685,1.6519105334618898,0
-1.1927752415204962,-1.1479044230299653,0.004071658910056675,1.4089829809751466,0.5929114008063046,0
1.0905202750188012,-1.2301245028135481,1.6107257501921017,-0.7158290453772039,2.0737052928854194,1
1.2161416954457962,1.0977131811934508,1.309938352812494,-2.4959925087291697,0.26754479626546546,1
-1.2233630483233946,-1.1438951795968606,-0.8529404358495032,2.1480569927155906,0.049148639228124624,0
-0.4134199398187296,-1.374104701757044,0.03974016684318005,1.2908554029137687,0.9177856016133202,0
1.0102056727882764,0.059523131021325115,3.657566285362941,-3.5371930482404625,2.428163029754665,1
1.0816286954599172,0.24878657111259916,0.6114262769545435,-1.1249793972841382,0.4051042687756449,1
0.9784542075811167,-0.6401343394270881,1.225818120082839,-0.8516321454166047,1.3967030284594193,1
-1.3227852014939356,-1.0556938549156443,2.1005237407882293,-0.4123369091597117,1.8135390441503814,0
1.0261864923881714,-1.6290486262379074,-0.0706705157168892,1.0837665038556092,1.292913197415068,1
-1.42716872150796,-0.9628946449377304,2.162100505007568,-0.5066229943852434,1.7674033960922615,0
-0.5188883435666061,-1.8868532899663615,0.6470565919386596,1.2492383206637332,1.639306770218961,0
-1.3175343680490785,-1.4532997182942997,2.0732813896216737,-0.05081169606261268,2.077836164572638,0
-0.09795817653012773,-0.6439532374644598,-1.4547375088539696,1.827905227351681,-0.4726185954976057,0
-4.016678991902918,-1.1568023023390315,-0.8736682694015472,3.1846784215381634,-0.4675949340294297,0
1.0221251368044966,-0.6424035746800163,1.9757095572071077,-1.505487050194383,1.8747299127898345,1
-1.7796075903872173,-1.064959371921836,-0.9055669596393315,2.326146143610693,-0.14151616987798196,0
0.19837664472438732,1.2806166244247015,1.1894309360394526,-2.1823886658001905,-0.12357019030343028,1
-2.6440241934933946,-1.707390934501402,0.5500559772023776,1.9452856965555931,1.0619704451842766,0
-0.7292282739061517,-1.0322030488836111,-0.6928946599681496,1.7376050085016814,0.16109628924164068,0
-2.278755231891681,-1.5097974689550422,1.1805588802889457,1.1062997885934112,1.3835516099692338,0
-0.2836255189805079,-0.9209269480528074,-0.6828039863166881,1.4730083321244214,0.17075887798235503,0
1.1124852187708136,-2.39145184543259,0.10724541139957344,1.553042734291783,1.9574573853359403,1
0.9682068501907555,0.09086308215533423,2.282315897889105,-2.3750633109064747,1.5393247051168082,1
-0.4984878771627709,-0.8704815403030095,-1.1591890944693313,1.9139759629382553,-0.20182865514127302,0
0.31686905280596256,0.38554373786276086,0.5768947451842283,-0.9365663842138184,0.14668605646863914,1
0.8063743219326995,-0.3517819579134476,0.058945873408801974,-0.04030373452679894,0.4329220558089058,1
-0.16998616534581212,0.32741737646031344,0.9772518879442967,-1.0528775639440477,0.34835323615088526,1
-0.9789747611937492,-1.045421143861884,-0.16471778261885528,1.38822384039551,0.45447647063901675,0
-1.3810233021257954,-1.2862028315279017,-0.1758632631131406,1.7488029007817056,0.5434658653362339,0
-1.9406651046883774,-1.0151318278182866,-0.31771358101973046,1.8398915517683254,0.1609716203353142,0
-1.247415258071378,-0.9708122556801884,0.9814075074075033,0.44302385153981705,1.06848985899169,0
0.93835981322038,-0.45823066150235936,1.462884058202391,-1.1951292121686852,1.4091614779790274,1
-0.626521298160733,-0.7604740065662832,-1.6560260708128163,2.290111867408686,-0.6132448645714285,0
1.1082382666447201,-1.7423168721205444,1.0032277471918585,0.23448454236259741,2.058638041463398,1
0.7676343733498949,-1.1680463791142366,1.8950831547207405,-0.8951369274720855,2.148266915631602,0
-0.24230833026029708,1.2710913287902776,0.5545426669820751,-1.4733482041643788,-0.594343914190884,1
-0.08869565223053033,-0.9989677741360812,1.081457972694295,-0.03637242903252642,1.3635963796718398,0
-1.1558934056142636,-0.8599909758794768,-1.4668312830440602,2.4047819815855105,-0.5220995166173603,0
-0.20995413898770532,-1.570554284030997,0.3993218427070069,1.0786052491521978,1.3182677384445218,0
0.2697335631233072,0.9158274328276979,0.8326533275137435,-1.5915307049235154,-0.07611293018666494,1
-1.6932620814054262,-1.1087979178910052,-0.9770451111105296,2.3935037754413986,-0.13939920515698262,0
0.03129455409156079,0.8170486267837066,0.08652394447833733,-0.7841595313740756,-0.5163040391360286,1
-0.37501627807558613,-1.2449651426781028,1.0601514785961124,0.29558429709595013,1.4711658737158522,0
0.9747994114759794,-0.6249922393348584,1.586985127140451,-1.1715273255685228,1.6109527790680591,1
1.3016219046470021,-2.391807749023651,1.463320495615659,0.32768070178626113,2.8394883241262012,1
-1.0397086409884484,-1.5826401698852741,0.46924483535911654,1.328658306251473,1.2181096995362428,0
-2.417304407408256,-0.515507879139946,1.2679580322043003,0.23103950484919422,0.7116367245447278,0
2.987012140326873,1.2152745278224393,1.496519616483671,-3.3947873513462246,0.6263579440872675,1
-1.1028297958634252,-1.852511173289689,1.5374026229562894,0.6706374810730228,2.064012459772927,0
-1.404356785258598,-1.667642245577579,0.9126353337587882,1.154516166149511,1.4880460608235682,0
0.994534592467545,1.0136601512306365,1.3638487886085084,-2.390134171649977,0.31979383994737026,1
-0.9834691544617324,-0.7135059949462912,0.03655834185361684,0.9340874515782577,0.3453438997649521,0
-2.058591466558003,-0.8976333617139363,-1.4920174235204127,2.78419573993288,-0.6770398738012476,0
1.5253103262140564,1.3463427145963405,1.4305864658100427,-2.9232341490884273,0.22436685255669087,1
-1.397135186123017,-0.6426116344981962,0.9335811113910164,0.2570770300187093,0.7797126047480804,0
-1.7272287297603195,-1.063884118920557,-1.1361805270214187,2.5031575269269073,-0.2767059656027723,0
1.2785982150918507,1.3065860084959608,0.28716826252500316,-1.82428420870686,-0.5071198255371243,1
-1.1065275405634265,-0.8343616110831005,-1.2917499269916954,2.215609276678536,-0.4217443896630179,0
0.8698438949505406,-1.1222151488945296,-0.2215247393776334,0.8353166515944325,0.8126122119103737,1
-2.516960788506366,-0.7711192773378122,-1.6009506088779035,2.934322491415136,-0.9184514938258237,0
-1.7731039064110377,-2.084077888693617,1.6970880539905933,0.9743085249926402,2.203960885599797,0
-1.1072329391247637,-1.2309214422597896,-0.8883259138115536,2.2108111721931576,0.10973066175801405,0
-1.948348356090999,-0.8084473123121874,0.870192533952068,0.6519483786118804,0.7558361846043233,0
-3.420177503462989,-1.4060263492519411,-0.05099325655607834,2.4805091797083243,0.33152988003423145,0
-1.9646599931612223,-1.3431896932211034,0.11826225091986986,1.757107263169833,0.6602030237117381,0
0.7887975996335896,-0.10605316563921463,0.3480523801442823,-0.4909477579176731,0.4370187452151541,1
-2.497396527215552,-0.9943985721958614,-0.917488155273785,2.5349467381577515,-0.3305119580071269,0
0.605432450789118,-0.642310271193935,-2.289957572450834,2.285569055926388,-0.8663308025821376,0
1.0678413816053114,-1.28862270221106,1.0810941494652309,-0.20555316764218803,1.7799615599822238,1
-1.284522010530972,-0.7999932773452604,0.4113188350091237,0.7968457551512017,0.5851358916922984,0
0.9158204182828417,-0.2057840746219759,2.379971815293077,-2.1857174673317266,1.7998691238678692,1
-0.3612916963492484,-1.071926370063757,-0.6675150598150299,1.6171689405050784,0.27251691665662253,0
0.9465776093944923,-0.9454010033321338,0.3133137230108459,0.1998683703011652,1.0361097895888347,1
0.47251817930885964,0.46422161814929697,-0.2686932117728791,-0.33832330140568395,-0.4083931527123683,1
-1.7306763621285097,-1.1156144043324268,-0.7990364625977637,2.2609034783196673,-0.03027242264510545,0
-0.40395538871901815,1.2082559993107664,1.9483939130220307,-2.550928600294493,0.29092774874150257,1
1.0803974208111722,-1.5537305005072837,0.947658365139724,0.1306156342547742,1.8858443438787684,1
-1.1832056578637649,0.548322489446492,0.6890201088303305,-0.6302716347630266,-0.17348831362727674,1
-1.0362420330542075,-1.79884892955932,0.9968740614573186,1.0620468215910617,1.70076922387927,0
-2.238448121546691,-0.5567153047966142,2.1630249245903763,-0.5621884326784456,1.332622483983257,0
0.9830898131965385,-1.0598349251912438,0.46386692035838284,0.15609846412760478,1.2175414232922472,1
0.8248111354744214,-0.8919784452021828,-0.3143740096700782,0.7338360824680975,0.5840080980919575,1
-1.5886690434178492,-1.3124102545485852,-0.3756579627244019,2.016673940945652,0.39901882414543144,0
-1.1561080240453445,-1.9829652243223634,2.203540638795224,0.23291556830191665,2.5623049973599388,0
0.9521946512741881,-0.4427557890436594,2.1738499162890044,-1.8201761174006246,1.8448844545104126,1
3.4028992180850857,1.1134214475212842,1.555624929941684,-3.5081555915609224,0.8114566105648222,1
0.5581611099211001,-0.9994175545730484,-0.7465676455694445,1.2908487143307479,0.3408384784745385,0
1.1850277792753396,1.0482865095907459,-0.2908228090943976,-1.0762156655096706,-0.7032086749473616,1
-0.29553938135319713,-1.367838428604195,0.5358819461725643,0.8194991784120659,1.2449193793172044,0
1.1129309016347668,-2.0688871189294957,-0.49146502374426415,1.787919096057142,1.3561254801228289,1
1.104016753542592,-1.1780265277406174,1.9255863310099393,-1.034007103660986,2.23612232467872,1
-0.42560396560453817,-0.6105296876978006,0.9152474101647713,-0.10527143518183868,0.9240284489846371,0
1.2139869811338635,-2.3585292094076937,-0.23575680771485552,1.7810074866027943,1.7386300852964351,1
0.8572804708704308,-0.3011339313292922,0.5598726589332765,-0.5295486437673812,0.719453846213669,1
2.992947712750824,1.2514743590957946,1.7462680314599281,-3.6410619501483037,0.7579250435262619,1
-0.1143022883183249,-1.0690389007974275,0.7349843528856002,0.32853401045055697,1.191881892403464,0
0.9978749271145475,-1.9189936433931263,-0.7907667800329041,1.9566503457572766,1.0423561436896966,1
0.9190771407487103,-0.6431978840335979,0.6861966398429378,-0.36701497746138284,1.0508942640177483,1
1.3922804027253892,1.9594250946458445,2.7949994811336323,-4.564289942203808,0.6199194257082985,1
-1.3853029614807977,-1.1528026657544275,0.15939243571948702,1.3500740542242984,0.658032729454011,0
1.2128903049611375,-1.891227830421868,0.7734145700011805,0.5202709163753386,2.039300754231806,1
-0.9944812783651992,-0.3712080027734901,-2.7759022152882222,3.045670600437453,-1.6547907136339686,0
0.014690339736120439,0.9047850747110291,2.3774859977356355,-2.8085867888190217,0.8497990387634955,1
-2.813545734249864,-0.7060711254309004,1.77853522147333,0.10126436327546709,1.09216976009363,0
0.9259798586804576,-0.9583386896089239,0.33666533509079033,0.1984383931176572,1.0560362279242292,1
0.9917768859742724,-1.2682818290302602,-0.35529611931567895,1.0304617766386175,0.8544335333776015,1
-0.025867530249334747,1.306683595568709,2.951662373933644,-3.6278580211431364,0.9176262128239474,1
0.9372456791462114,0.764769209706981,1.1337377945933966,-1.9601248831998555,0.34103089057085106,1
0.7791590334512759,-0.2349355365176783,-0.3078126740850189,0.18258082217542704,0.11644708733610117,1
1.820599118573484,2.1367573590398132,1.5137286317676555,-3.776975534775553,-0.22679658472247588,1
1.3057969788408996,-2.7021478729976915,0.7493480969004835,1.2010647602993398,2.6131019770039305,1
2.155626542409283,1.4605931527858433,0.7109762249023402,-2.634217871026796,-0.1899479199085879,1
-2.1416775374479027,-1.2644386690976472,-0.2846981041236887,2.097534388567015,0.3204699232930786,0
0.9817027937703464,-0.21002497952538524,2.4595228971487613,-2.273758500104797,1.8646467698814142,1
1.082438417746476,-1.9219423887539384,0.31875690286514635,0.9816726054346935,1.7530094350274652,1
-2.2978237034910087,-1.3709921314079492,-0.13678918113312444,2.118794549249966,0.45931826331053804,0
-1.0844413451910273,-1.3324328236707905,0.674359735079878,0.9556687225595506,1.161598250408922,0
-1.0754275262093205,-1.2399854503227905,1.3737425756467285,0.27639439650872355,1.5349280102040133,0
1.024883189321751,-1.1271746196513754,0.5354617126987483,0.13752363546118865,1.3174167505623686,1
-0.36003724741152654,1.15039958140432,1.1196801982325917,-1.8099621978015552,-0.1778572878528725,1
1.2884695050123878,-2.9868836707220314,0.1690855063717489,1.946179337374809,2.4482337469577375,1
0.9671236569144442,-0.9466804462325329,0.6831508543854562,-0.12210970505131402,1.2717975891637725,1
0.9858449300576635,0.7644730742876267,0.6163563318068769,-1.5358175374027283,0.026988888046678063,1
-0.28870463107330546,1.1006830737926936,0.8275757258066079,-1.543852253220819,-0.31216326045189524,1
-2.3168040298456587,-0.8407278569541428,-1.4055652875643416,2.754891625489006,-0.7105745120369268,0
3.221407841883696,1.5543549425434788,2.100824100924858,-4.285238767718641,0.8077826717400343,1
1.0152848520787359,-0.34275214936961285,2.5779784576651625,-2.2734249033625358,2.0383895449437315,1
-2.138708514270989,-1.5222647886560008,0.9085504765849581,1.2985958421890709,1.248151156053848,0
0.4326052319077851,0.7653396627223488,0.44236246398853707,-1.1884330609841314,-0.18388829790118835,1
1.5279398049877235,0.8222948634975807,0.37582171788269736,-1.5755873534138578,-0.06448997317070904,1
1.2845591270991505,0.3818782144348789,-0.23811962345675308,-0.5869714914676034,-0.18213243052384653,1
0.33593197964646304,-1.3636294251696763,2.278776865388628,-0.8995261556579066,2.446572349874033,0
2.2769306957563114,1.8768852586666394,2.1844383625211545,-4.291754954535164,0.45917591207440084,1
-1.0214604339057527,-1.4392725259535208,0.22021258783976982,1.4119682389655865,0.9648185214744173,0
-2.8257585015885733,-1.1053431696777083,-0.16876752327930955,2.109304726082468,0.15509881977198975,0
0.6247398010638501,-1.2684025466769375,-0.9002410383283785,1.6281150771325235,0.4467333498984701,0
-0.5010238285710675,-0.8147488842552499,-1.3297351859441315,2.0127719871135867,-0.34812005706567306,0
1.3032241273707523,-0.03205769453721341,-3.2328813869311803,2.3164885432531475,-1.7574735353164728,0
1.1676716491401389,-2.0188101020916838,0.40941643022077867,0.9564142791543628,1.8935895295133822,1
-1.8786102937358848,-1.5351037668844074,2.1157405260576434,0.18538385938607813,2.0590147418201243,0
-2.192224448868134,-1.1817416649194838,1.2705096519384143,0.7176385875492516,1.2243162273882333,0
0.17666134490005692,-1.0565382861790318,0.7713044210672007,0.18185388880190342,1.2591800826521296,0
1.11248003368731,-1.7280785557585037,1.0587104791070046,0.17341755588972202,2.0840339834911035,1
-0.7053972329444149,-1.1529665670668887,-0.5733637904223299,1.7303037946654733,0.3252847998168993,0
2.4208378199976295,2.005923581685814,2.7529989401232053,-4.939348754951774,0.7497580372499295,1
-0.7398516352363946,-0.7684577192622661,-1.6776553797972489,2.3562950510214065,-0.641935255224051,0
1.3290719452770876,-2.3177858342733515,2.331689112734921,-0.4867129080236318,3.3347493197527687,1
0.8572706040105007,1.0386632500738529,1.3485583705254593,-2.3489470993380106,0.26740954109588627,1
0.7808441771429737,0.9821837666172035,2.493921532342329,-3.2506278258005192,1.0086333196510961,1
1.7460389008527133,-1.516566680501068,2.226412391226548,-1.2327848751894395,2.780616754386861,0
-0.5944970836228116,-0.8108285266446245,-1.755538507326683,2.406571964771199,-0.6340189607497103,1
-2.3988187454405594,-0.49334768595874423,-0.4706642028420436,1.6893398897323448,-0.3865977524957142,0
0.2441986419793465,-0.3806534685299522,-2.4354115303874337,2.3161978832195245,-1.208007264029677,0
0.4970203918951962,1.2405868434894733,2.341462783167012,-3.239167824323683,0.6790893098356396,1
1.3400221129041952,0.6220195767433314,-5.951415378656445,4.063913593360823,-3.9099933609716633,0
-1.0393760801808662,-1.0202010827284629,-1.3416123756242242,2.392930991781015,-0.30952584045723974,0
0.9374198922837849,-1.2427046182715018,3.2014488802067955,-2.0075205579862594,3.0480846150839653,0
0.9666949792974171,-0.9265133825209672,1.7163347288214257,-1.0210403054381096,1.9028616656608726,1
-0.18394501545935016,-1.0512709346575144,0.7820212789906258,0.29831492029094103,1.1959471948901048,0
1.8831211311138811,-1.5221227086183113,1.9202204965684826,-1.0161561572099,2.618446670172816,0
0.522952794292354,0.8204111405011117,1.2185241607013562,-1.9306091279891155,0.2786878776409202,1
-2.301985896015362,-1.1452042592843523,-1.0196266942882624,2.6806350851073826,-0.25209856544325815,0
-0.9593830469387623,-1.2195955559054146,1.377324476946957,0.21402151324139693,1.5440961997632463,0
-1.832224811859724,-1.0122632667790417,0.9585372618813967,0.7090185134868578,0.976050886251116,0
0.8223039973785763,1.007118167245562,1.0766292570534295,-2.0772483978383462,0.1133750163432866,1
-2.6574348314286342,-1.0582147437852616,-1.1699673126504846,2.8627824939113133,-0.4726083572063125,0
-1.2868542560213045,-0.8521085394405786,-1.4224354070166478,2.407399405450596,-0.5239726552643129,0
0.9043269958508973,-0.1261156621748707,0.9713350734366402,-1.0474461712843945,0.8617016916481802,1
-1.268706755762404,-0.9821972361075942,-1.1301746320996675,2.2627005158089486,-0.24635951877318646,0
0.9715462590762944,-0.5169485548052863,1.5690592268161916,-1.247489440551836,1.522977358388876,1
-2.360704627629198,-0.2772554107348191,2.2862895466488706,-0.8623726205389032,1.1901241225340191,0
1.056647007027205,-1.230319572174056,0.9956239397948451,-0.17844516103956148,1.6834092538556336,1
0.9835162263824141,-1.4700001818746125,-0.39434667773987697,1.2393507747739305,0.9707548096775405,1
0.7351265040958862,0.8959426287600272,1.7196582949357404,-2.4995085867751685,0.5774152808468853,1
-1.6714768871404435,-0.8806458862677575,1.5674508953377861,0.01870001796174415,1.2931126883641957,0
-2.8919193206732254,-0.8755569543015442,1.0686821975882077,0.8804111343712923,0.7538837619254698,0
1.2818616962788614,-1.0389986721843956,-0.7053170246748999,1.0283777516825154,0.5273963272796895,0
0.9811505972074036,-0.7991267987376559,1.7403581544212958,-1.1557448869708702,1.8307022965961441,1
-0.9178969326397535,-1.2147764026387924,1.56781261377885,0.03234616169145981,1.6673012441189659,0
-0.8868426583366559,-0.2927059567436412,0.08081178424805235,0.5014400530411963,0.09402471247916976,0
-2.066274234052882,-0.7679374597960685,2.096827370964847,-0.38710294050917526,1.471818516195082,0
1.0694552043684349,-1.139432119303274,1.596448643447339,-0.7736337662873052,1.9969727831901913,1
0.5865501067493992,-1.60291862698499,1.3565504849801786,0.0018956434601854113,2.085256611072324,0
-3.16769024031378,-1.2091823156927757,1.5530402945691237,0.8519414964423572,1.2410319519093451,0
-1.7301249712457651,-0.7442738633722521,1.561150942454848,-0.07143334608327137,1.182253711038415,0
-1.1099117097328182,-1.2636428071159118,1.2733965349989576,0.39472309295838054,1.482597213095666,0
0.8617610413685092,1.138345086659082,-0.33682606697192985,-0.9973588375591251,-0.8548005508594761,1
-0.7428142683233043,-0.9273005280856065,-1.3951586158346068,2.252147143703579,-0.3540228613707005,0
0.8246308006336184,-0.3534632218531668,0.05442012819700759,-0.041589904050522965,0.4346327457695406,1
0.7130304035649557,1.0402416080104528,1.3365012182739466,-2.2879616496563417,0.23228055314385848,1
0.9962070079263055,-1.731674453034227,-0.34313357305020875,1.4149339843361421,1.1895794720908024,1
-0.49971067036153827,-1.122773643038286,-0.38250710258688925,1.4673585785159968,0.46097896004264516,0
0.06969305958001337,-1.487359713095889,0.5719251745460188,0.7592077732012017,1.4187694199912806,0
0.45365557062242645,1.234712310730671,1.0491591989895315,-2.115502503587092,-0.13194867642110159,1
-2.3045466546027615,-0.6769608544195354,0.4211654184101521,1.0512287527041357,0.31724433141578134,0
-1.2202768088362095,-0.9964184499801926,-0.786991533774928,1.9644830110276625,-0.013075662468673942,0
0.1458258263774228,0.369112467599356,0.5525186235174867,-0.8399875064544251,0.1116392341607135,1
-1.788902334568846,-0.9178956528697724,2.730851988218108,-0.9000347446275909,2.024516757746834,0
-0.812696882677544,-0.921949309270766,0.8757457238591355,0.3345472608520385,1.0478580456817612,0
-1.339636545003327,-0.7798707997850474,-1.5999296355094184,2.5161348860938855,-0.6954677617865203,0
0.9885273757846178,-1.5694281309943339,-0.4929611800148097,1.4067757079753607,0.9801829478398613,1
-2.3668261376066244,-1.0716620292329588,1.1815907422719796,0.7623539653889716,1.0590982739586488,1
2.0371615026382717,1.0823570669648908,2.4960302379719623,-3.7914358795297747,1.169998629137462,1
-1.5123596341345789,-1.2955838534726292,0.14069562732972551,1.5340318824345016,0.7236985963857864,0
-0.8725763050681967,-1.3376335743161751,0.8235591882872937,0.7563297476155544,1.297362191005754,0
0.933890046136869,-0.9953686373184715,0.44906669748315964,0.1313293289226276,1.153808044099124,1
1.2582320249787682,-2.35691535200955,1.038509772501248,0.6760644881578437,2.541567332957473,1
-1.5905733580273171,-1.6627492263869774,1.1481017215085223,1.0165482314852503,1.597484182936457,0
1.2915992705785695,1.1762295852148348,1.7538502507444433,-2.9692759318766755,0.5033213163684195,1
0.6501263589013493,-0.16365998448055452,-3.2587145880024435,2.6867800883989803,-1.8007369448836787,0
1.1479210457928828,-2.451537989398073,-0.15403686112504245,1.8146696331889751,1.8431243772052885,1
2.249499059719001,0.7996474252121069,0.19441683597349635,-1.6617347112278786,-0.029343487594389536,1
0.018244636894316768,-1.0082243211748678,2.000814521923834,-0.8517182861000734,1.9640210141942394,0
-1.187955481404964,-1.266131746230458,1.9404798725776438,-0.1443491670557655,1.8867054557000387,0
0.4382919137720598,-0.779345407121992,-1.811999570275952,2.055174758133975,-0.5018486621909296,0
1.1954995377436206,-2.6940771328100777,0.34113536412947076,1.58237071431894,2.3321751683381664,1
0.12256827274562365,-0.7512091443371572,0.6503304375939241,0.04340247964489874,0.9583974551332333,0
0.8658173556527822,-0.41423756660115474,-2.457221959603025,2.139252681784147,-1.0838118418291278,0
-0.7727887012761832,-1.22567418813376,2.7178838501711695,-0.9922843626909419,2.4200037352577795,0
-2.393081734176426,-1.0593411225763405,-0.854864256902941,2.4994187412010653,-0.22645045301149785,0
-0.4300709243075471,1.0943144724011753,1.5663822043883728,-2.117973528442775,0.12785425243285428,1
2.039180474651374,1.3675289867160814,1.5416622632983485,-3.2215792662788,0.3731650194739542,1
0.9612011364442563,-0.27090970523654323,1.7893095299135677,-1.6422386696805145,1.4851732926096946,1
1.1417064879653236,-1.6623809333229123,1.6392886177318737,-0.3888635420467099,2.4057266559212938,1
1.0901570466809003,-1.6666778006484657,1.201648339073019,0.006942559456632166,2.125925769482639,1
1.68182080098719,0.23707865235761494,0.5127045785979755,-1.2472649559492437,0.4618992196108441,1
1.391034615102222,-3.5827123226562945,0.311173119251387,2.2976546713759376,2.975934368268347,1
1.2847853992777387,-2.998628165169464,0.26899802964737995,1.8722803236962031,2.51824708477815,1
1.6354833879341217,1.3502047008337403,1.930227007699155,-3.3927386036138056,0.5539661085762418,1
2.5501860381450188,1.2191748771036097,1.2484075602415243,-3.0287423444651123,0.3884202591358828,1
0.7624869346949386,-0.3443791809510144,-2.5080198990149833,2.1601262364200404,-1.1837718224873401,0
-1.719812482877595,-1.2218204683064486,0.27372160395441636,1.432238794088633,0.7166894898908759,0
0.904620168078704,-0.9782636598625584,-0.36948415828712045,0.8258968571252229,0.6250777749875919,1
-0.10844300783455374,-1.1439082166064454,1.04697675458983,0.12418539235428376,1.4406289223949318,0
1.7749959608583639,0.0431497834058856,0.7485819653585385,-1.3162937901135316,0.7630829234507435,1
-0.469657482620661,-0.6069455905590837,-0.6183564316231516,1.2165020243222626,-0.04452972139644881,0
1.1426936918645905,-1.989928011284052,0.21411973384174765,1.1074044801102763,1.7466495065204188,1
1.1640594676042815,-1.5865974927391064,1.5386094875702025,-0.37583431060473804,2.2935088938679873,1
-0.6134946340172425,1.073791970384654,1.6742160583177674,-2.126269669285732,0.17600181435180098,1
-1.5371829483187116,-0.9375532365268026,2.307018731575811,-0.6122971368774522,1.8198559175533233,0
-1.8926778787500382,-1.22766489762509,-0.9015994001125063,2.5027592454050844,-0.04507670092244296,0
-1.6878069114890821,-1.7841285083442449,1.0565763710004163,1.233594834246933,1.6080444592305676,0
0.4049562108585022,0.34871123621458955,-0.09979865325383042,-0.35927460228109986,-0.23385552748206762,1
0.7182320808256246,-0.335921887150581,-2.8710320854582227,2.4786928520674816,-1.4246108961462511,0
0.1739621439787944,-0.4554737398759108,-2.528192252841386,2.484741691817874,-1.2261025283861404,0
0.8067141815527634,1.9751150792433558,1.1822348615852707,-2.9899199143638446,-0.506051395675175,1
-0.8065148495087886,-0.750131734411607,-1.5087835872352653,2.2205363518874637,-0.5616140416404175,0
-2.2829455724800978,-0.4246351772754662,0.36008597118488617,0.8796914319509587,0.10514497531554633,0
-0.2778567966873493,-1.4370082943382125,0.7178265706365285,0.7170052684143604,1.4105863571742019,0
-2.050282183234857,-1.2865050855683726,-0.5861302627581545,2.340710740216782,0.164525477662091,0
0.9060528091494919,-0.13134955096328427,0.9237281266650162,-1.0029581255633198,0.8359720124797314,1
0.7391418035122614,0.6796810296420936,1.250566565568964,-1.915562746153155,0.43762634985545645,1
-0.3679675890366654,-1.0620938968597549,1.5436781186983417,-0.2761071613728007,1.645546210756607,0
0.7402832546929082,0.6172092561357125,1.0720182702503644,-1.7101348835304622,0.3703569551464898,1
-1.2477577369374535,-0.6356113238751213,-2.50469937302464,3.13179205459319,-1.345464390048444,0
0.5202617217581478,0.7567598947803721,0.3129667227704702,-1.1022806276384027,-0.24256870283395088,1
0.8677621592121314,-0.4919180568344049,0.5913995584870342,-0.39701544511604825,0.8755919829725033,1
1.4382910087125114,1.1297234934117535,0.8796822458590186,-2.2363074530891374,0.017011765639823675,1
-1.7606244484521278,-0.5136399428097507,1.1111770464946298,0.1263113415367729,0.7329656413986748,0
1.0873612320102577,-2.030626713566878,-0.38407653589491497,1.6727547980011497,1.3915318750160202,1
1.120371612495209,1.27574072376453,0.6989220288871676,-2.0922387489322913,-0.2572282314680378,1
1.4477839981223624,-3.0961741980531996,2.566663652046721,-0.06415616695682386,4.052156923417851,1
-0.817060300391407,-0.8050037848512805,-1.1610488675547903,1.974492038675779,-0.30765324040101844,0
-0.4466659541334217,-1.2079288543232833,-0.2547273837168198,1.4120116101301248,0.6105768777742187,0
1.151017210707437,-2.084334030389243,0.11105855770662376,1.273133047052639,1.7503673688307202,1
-0.3168599500227314,0.18346829479496074,-1.0584800471896911,0.8607870928917392,-0.8487062186566418,1
0.7727590885048277,-0.6192317628621158,-0.7388351087040026,0.8815527894583608,0.11700535828260918,1
0.744878565886069,-0.34869203120511394,-2.4469866716455666,2.118077133636083,-1.145840563167715,0
0.7840524320719517,0.5675734913146078,1.5582032627349678,-2.0984254469232284,0.7170795474948745,1
-1.8412701306213586,-1.3889392160985068,-0.34029171192391294,2.1431060366109014,0.42868836599919313,0
0.8903412841914969,0.5496736771077773,2.9332722131228204,-3.2950961205981266,1.6081326467698382,1
0.8090101041513007,0.8082198643932015,2.5884330762925845,-3.1926238179273914,1.195501116388404,1
1.646056382922348,0.9622384484289,0.7419949131476049,-2.0504658711376376,0.08724919042335647,1
-0.901963709794724,-1.6219162732894699,1.5418728267830106,0.39706192982444516,1.941095818062318,0
0.9393780987861755,-1.0969239329136586,-0.29704111011507917,0.8530434468392349,0.7603769642986938,1
-0.8255511529059698,0.26347569331541554,-0.48002343929883784,0.4821662019117165,-0.637198654058542,1
0.9965671979032396,-1.030859947531985,-0.3483000606776502,0.8196379072704345,0.692278351441632,0
0.0668515337816662,-0.7599098952366399,-1.3949789053632111,1.8166396152316648,-0.3232692893607806,0
-0.7078697717822842,-1.2558818960596008,0.745618691136011,0.6934811094573415,1.2212779627296815,0
-0.6621551814698112,-0.7969379987639634,-1.5436661575285777,2.238265603655092,-0.5238933708277661,0
1.0213236530226988,-0.3354953206849388,2.474972919351331,-2.193896214566951,1.9700407881106312,1
0.18677797110379002,-1.2505478540992012,2.326028146398289,-0.9827835736195351,2.36896696791406,0
1.4201276031615042,0.25159957465951344,0.5273618785262915,-1.1777738991682547,0.4127650524430192,1
1.379596796949588,-2.343643353149619,2.2219637428173202,-0.3891695996702876,3.293720192794745,1
-0.6264479693723684,-1.5197352817802487,-1.3203505019070199,2.653162740642018,0.13179375194455278,0
0.9319516392600249,-0.20677801951427366,1.243213499816791,-1.2204543756922819,1.0934732456609817,1
-0.6618970132220511,-1.486144099684546,0.6950770054646145,0.9170297648587157,1.3605056932914275,0
0.12326658536172852,-1.6348826314203335,2.0450808754679164,-0.39126208041847665,2.4528080068157725,0
0.9737651732570622,-0.8940887287851642,-1.3152944955746912,1.5361901849983504,-0.012363269394132946,0
-1.0716004760116462,-0.6823171273194897,-1.9789846534172049,2.6594873983708682,-0.9518075120569173,0
1.0876924139535245,-0.622310047054806,-2.0680067178916857,1.9050114390938835,-0.6532440861357425,0
-0.6041705699917705,-1.1365214907519294,2.875416954872521,-1.2638550550913272,2.486504298705889,0
1.0341332997429202,-0.9218861415768743,2.0290123593110243,-1.3162053799715328,2.1072910552210176,1
-2.459725320851873,-1.6756925313953717,0.8241562610901325,1.6177204706100081,1.2446728188159477,0
0.8896273230598808,-0.21032264985258287,1.280551137247094,-1.2340182915059885,1.1115235120159768,1
-0.8027198735478674,-1.4714049057494,0.21403070914848543,1.3658088848832755,1.0237776796857976,0
2.184397263966564,1.3885235591306615,1.8642239182315494,-3.567247487060197,0.586509163399353,1
1.0146893963361199,0.7189100409548932,0.6394971497883093,-1.526995065493171,0.07886596591794663,1
1.470660360209954,0.680751573548928,-1.1828364650247862,-0.10349512514462748,-0.9487979958625139,1
-0.027833960975956806,-0.6739443027397878,-1.7696971384174707,2.0970823353968138,-0.635330863696847,0
0.8125734644171687,1.7984231405079547,2.6638188437102213,-4.105411770466507,0.5450575988798373,1
-1.4510782438847465,-0.9351843454412975,-1.512640899048481,2.61472085706314,-0.5518960032104664,0
0.12403496033930317,-0.9456095382168416,2.016506871370477,-0.9568527632417141,1.9490984695190405,0
2.5242620682911827,1.3496369111065696,0.868090219601106,-2.8063998926325318,0.05411281846166859,1
0.829437711371611,0.8591636859767975,2.4995339749503844,-3.1677029095481326,1.1078023057280229,1
0.8074557327951994,0.13217613681319196,1.5190280899442987,-1.7009330781574499,1.0039026468951966,1
0.6244972840508718,1.1246158719176182,1.0699275091605083,-2.1006796912173664,-0.009978493054873586,1
-1.558097648582585,-1.5177738547198658,0.757369927142604,1.2142909120145406,1.257161351135018,0
0.23439522179013972,-0.7120618388153808,-0.05903530134785617,0.5750107095566435,0.508233691033301,0
-1.4481736259398597,-1.3154487368563084,0.11353809661441439,1.5510466327572725,0.7325272372171961,0
0.8024561639422726,0.41056405633064763,1.9142008475890857,-2.274584914440969,1.0535336036767344,1
-0.9786966817917808,-1.922525234203077,1.1870025388749756,0.9848171017531281,1.917299716404209,0
1.2539761231338242,0.8385021462578077,0.5747638986393359,-1.6604003635103517,-0.0019555129978976148,1
-2.4204394814108356,-0.38545531558180646,1.2657598230244664,0.12278155696521026,0.617988717880766,0
-2.2551624692694743,-1.3429226437885764,0.3663337578922854,1.6499670159330386,0.7616279425190746,0
0.9068148120773669,-0.3808405020387866,0.6850768127477445,-0.5860922642512788,0.8629566126798645,1
-0.42014243590394396,-1.1965431254171979,1.078758498205299,0.25455847855626396,1.4403605139806537,0
0.8387668854637258,-0.40618942039829453,0.6381270394189059,-0.4997800423239539,0.8390088509702255,1
0.9562868940198728,-0.47733736257844095,1.2422775287266994,-0.9969614976576403,1.288126707740566,1
1.1657598250371592,-1.8732430150275565,0.3674936946705354,0.868346873681802,1.7644136174889977,1
-1.4172638923282757,-0.8145799092631497,1.2600170007883664,0.13284995327943636,1.1011736240443564,0
0.8343656095189171,-0.0889752516425879,0.318285578823279,-0.4965942937030441,0.4147508421440042,1
1.2666723329972847,-1.3906860503354839,1.1480759520418444,-0.24714572717738656,1.930273475567426,0
-0.8148610295898615,-1.8840187056489752,1.646438885778669,0.5006248467488053,2.2072116805658895,0
1.168622140942652,-1.621090823619511,1.4494171471173445,-0.27184370363592303,2.262955085120094,1
2.4362082228898156,1.3535650224305682,1.7005814728753617,-3.488527468330907,0.5551779476534624,1
1.1478586319047288,-1.7528898810662763,1.1547352299182225,0.09992135403257854,2.16800475789045,1
1.304494761408233,0.6906300828991929,1.0846821419333819,-1.9873376024543776,0.4300968211551423,1
-1.1193014681036302,1.0663912405241933,1.7842941431879242,-2.031384850155675,0.15710447791016657,1
1.1258293858166295,-1.901164257205345,0.5365485484936328,0.7623525924756245,1.8823663792066379,1
0.6635899261601965,1.0783068096522181,1.703266510629173,-2.6157262336429343,0.4254572706750805,1
0.8859865230967835,-1.0661129064025703,-0.9727548832481336,1.4226757967625878,0.30677451063488564,1
-1.147713665720266,-0.5682896679821824,-1.9522831059255599,2.566605440090399,-1.0295044605592991,0
0.6388627077368041,1.2165288804678418,0.6064612748357425,-1.7889259093235177,-0.3616451594343501,1
1.0383723397393243,-1.34870193538968,0.6752797867660522,0.2028462777197149,1.5634263648879665,1
-0.11787514346578054,-0.026878171993428124,-0.9521675673566434,0.8782106208180799,-0.5974489731362331,1
-2.9200576501761515,-0.7090371313980544,-1.5712496145380492,3.001304463736001,-1.017687929533294,0
1.3162195378053572,-2.6024038654919943,1.366055141125137,0.5856040782192344,2.9299034225227527,1
-1.1206580748288792,-1.5978844797948255,1.2473327340635194,0.7068038483020288,1.7000154486912387,0
-1.063119069225082,-0.7872403598120163,0.9424994056553684,0.2526809570524567,0.9485907659046521,0
2.9570118444163063,2.178343976418881,2.4916257669977373,-5.057240149744267,0.563372740744833,1
0.18623143046992197,-1.1066546327878763,1.7230032071803205,-0.5910058770316307,1.8907380889360574,0
-1.8976178876460734,-1.463864428945392,0.15103002124791898,1.8081916943618437,0.7780679297072018,0
-2.538265712173831,-1.2137746506137135,-0.44368257025717284,2.3329812680388176,0.1126199589203057,0
0.9813108216109024,-1.3634126235187336,-0.1321252703617204,0.9251481962548157,1.0589881976520095,1
1.0041381110988215,-1.5664580439471965,0.7192241034166372,0.3639911957212017,1.7381280841842912,1
-1.6609749571101613,-1.4061468935571995,-0.6006558509653641,2.3149966857593967,0.3112939742144043,0
-0.07281143238000154,0.5194256650707587,0.11219304110482808,-0.5138759529217166,-0.30953357808888315,1
-0.1719024382254708,-0.2576800159258922,-3.647781201752079,3.395895257918933,-2.128405968489402,0
0.23395382893941485,0.4003213039554875,0.8997648938627157,-1.1948641466536838,0.32271782441922164,1
0.9166399358821047,-0.16188417320397286,2.0055913596492814,-1.904034335128443,1.5352150333292423,1
0.6560062993690199,-1.1034273101210519,0.8087713610132787,0.01703322630748642,1.4036597153659138,0
-0.04671108655936773,-0.5201202093676304,1.7745701231635178,-1.0527725320313608,1.466614750182604,0
-0.4064828289983635,1.1748353054686964,2.445253198677176,-2.9454976310074867,0.6243839344785523,1
-1.4844826686049561,-0.6543093992525593,-2.1381468580121474,2.920348597640951,-1.1467855233943511,0
1.5291881275626662,1.3925605763552458,0.28001305396180687,-1.9821501089060651,-0.5261970961099657,1
3.2006860869741116,1.4180131547004118,1.2879932898326958,-3.467357645946645,0.3923893021116804,1
1.1205926000431725,-1.8208860483443763,0.8583487541654833,0.4209015073403443,2.025808704410857,1
-0.5533887847707971,-1.2905120888664496,2.8737471354047566,-1.1490076744786921,2.603363454411559,0
1.5719962126490974,-1.6532294059366712,2.4973794853199505,-1.2843387835616233,3.014275269647415,0
0.7546591870875442,0.2074814267467675,0.6470464575135264,-1.0020657643041726,0.39644110417085077,1
4.044606351784539,0.7557091963918767,0.19746374006909473,-2.2744569740776415,0.33315038405488073,1
-0.7645343855611574,-1.7628483507686776,0.9583883936057439,0.9660568302088897,1.7012357714073088,0
0.5469705739296373,1.0404274948940964,1.0347336310479234,-1.9706414965104957,0.013163778525460279,1
1.0094529091825957,1.2321437581201742,2.382542494638982,-3.4519027998606835,0.804793004807347,1
1.1027454210740322,0.3390564139341308,0.6259390525889614,-1.2222151190386406,0.35439809343765766,1
-2.377929013822948,-0.5742645817100177,1.1050213441776469,0.4061687117919005,0.65851976328323,0
-2.450173921801582,-0.4914308397784949,1.7945248099162543,-0.22712875512809594,1.0175366493364193,0
0.7140750506046726,1.1632270973343735,1.8969014867124572,-2.8718643022732335,0.49580147271361913,1
0.44064222779163886,-0.6045778245223781,-2.1352635411851706,2.180714470951951,-0.8265665603264709,0
-0.4402633027892551,-0.1998502884383393,-3.0178351371066023,2.905585308050998,-1.824970510911771,0
0.903149643215348,-0.35849769836266165,1.3321594641167942,-1.1561757171518634,1.2507201087521296,1
0.768071948414602,0.48998194257550143,1.3211332467789854,-1.823935232840254,0.6207724618877809,1
2.349484192791505,1.3669047136145493,0.8283358914257876,-2.724178988696953,-0.014986518749927529,1
-0.20941437265926788,-0.9336444410142799,-1.2732558196068295,1.9610675524967602,-0.17546443747173074,0
-0.19382671627915515,-0.7346774850852484,-1.6659175065148288,2.1203589495883506,-0.5581628018012277,0
0.7176701192297223,-7.80096465329283e-05,-1.2652831184272135,0.8210464502171437,-0.6585091091405721,1
2.5175164094720968,0.21445020845081386,-0.08722050645013946,-1.0174007014505217,0.2565673249553299,1
-0.28553820998456514,-1.1035421425026963,-0.5115245452970383,1.4837448042153052,0.40615562853138126,0
0.9211730865023278,-0.18608161853851135,2.1011463623445543,-1.9665251127146142,1.6127958316872044,1
1.1388688847675756,-1.053233906118004,-0.44966034354813655,0.8739461875876334,0.6708697888596754,0
-1.366519277882722,-0.9178210025690964,0.414296206243442,0.9246973763435293,0.6550192857831031,0
0.5808916704078884,1.4065727033261681,1.0694433678187363,-2.3257583598357914,-0.21709364968164152,1
0.23361862360104646,-1.3605755874376617,1.7595806660240072,-0.42208349662168154,2.1013248126979933,0
0.9851186799752626,-0.0813569001081913,2.7699188921215807,-2.6499975911067817,1.9684349906780412,1
1.5826467424442423,1.2374609687093234,2.329485457354767,-3.6179877019966447,0.8731500599246487,1
1.3468611482376152,0.7887510036316855,0.7199979612019123,-1.7753096367051235,0.1408971079325472,1
-1.259396820563059,-1.4101549489478242,2.958552081200782,-0.8642874032346932,2.6110607828053074,0
-0.43799958747219647,-0.656246419646699,0.6521205248874821,0.16289482970467078,0.78962883536811,0
0.7562242273452038,0.02572755389535053,0.5880532631244839,-0.7967813085719476,0.48803283793000635,1
-1.273684643000022,-0.4384512689589105,1.995609310390373,-0.8685845668250719,1.3218074606374601,0
0.30199773988392886,-1.4990090328294716,0.8836844846735223,0.419264493963482,1.6643737708774538,0
0.5957247968511232,0.9534161387386073,1.3669924478617863,-2.197377063407651,0.2910073833384883,1
1.783317529613258,1.0893921618257925,1.3300027075651146,-2.7106476714633794,0.3900872416834461,1
-1.8554335452175081,-0.9047096189016558,-0.014452757733822486,1.4558316632530703,0.28819067058232617,0
0.759956871295785,0.8923572506600912,2.384691683171295,-3.073012312997347,0.9999054654438287,1
0.14201135866302894,1.2365342843956357,1.6155681168186333,-2.4880484462592753,0.16334249972633383,1
0.8918389683029564,-0.040362636207396774,-3.827872339581618,2.9798602381456725,-2.198806566965539,0
1.4606762304530159,1.5137095040056456,0.5651213089543143,-2.3044198812957806,-0.4461098442368119,1
-1.3565144703600325,-1.2775649346188471,-0.07598826050336227,1.6473253255928881,0.6042609341802991,0
1.3295573544240684,1.3359165869490415,2.1361505351306596,-3.4458874906800867,0.6364946872712505,1
1.0258743380670983,-1.4858120980536096,0.0010157695861980898,0.9001494949541519,1.2366384058319149,1
0.8019988506176943,-0.26309175924440875,0.2573604315415784,-0.28395166990365345,0.49352033591461253,1
-0.2271080158217984,-0.3560194965169876,-3.3326873926971428,3.231012748915053,-1.8723854937273556,0
0.5458607834474691,0.9305020996435072,0.3150970442887491,-1.2619791910104952,-0.35904222055735857,1
-1.0553728981589106,-1.095678333368924,-0.7685748981921727,1.9741843623833444,0.09869451892501413,0
0.5627209732848308,-1.2964725114804403,0.20840903719999648,0.7282652095362239,1.1476389445178377,0
2.212158184647058,0.8111227917647241,0.5628125065453486,-1.9725079275832509,0.1858216317257398,1
1.138953103575378,-1.8400575516938176,0.6447721176932568,0.6129681993012782,1.9092903239979906,1
-0.41724981246002135,-0.9862378328299081,-0.6725964146741374,1.5683867103812124,0.19864965926610603,0
-2.624537071293583,-1.548973255127823,0.3081120667413906,2.009222717558128,0.8027226831677858,0
1.2380500678742297,0.6191269731731944,-0.34679877443477736,-0.6804075408004248,-0.42583966636074366,1
0.9050327394627333,-1.220468415779857,-1.0756236471742788,1.6356604272174278,0.35485144191208023,1
-0.9315517962234096,-1.199507046173756,-0.23985145703111144,1.5670667371359426,0.524898021787471,0
-0.9627379675881019,-0.9056822649222138,-1.4368010015452843,2.348547090500082,-0.43565851563317415,0
-0.7054287250254856,0.3484299615814379,1.2487386825374334,-1.1093720656531147,0.4048017297995999,1
1.9525518246410014,2.0526255105383227,1.929566401113549,-4.107529782355953,0.11649956494261453,1
1.2981134515328066,-2.587021242715463,0.5569155069896443,1.2695844594201962,2.4103159993375742,1
-1.5675832269022751,-0.924639919057741,-2.0366915350095045,3.0950189515636586,-0.9080631658988911,0
0.06311023089244938,-1.0643125181273392,0.9533792475847672,0.07407424339466613,1.357542114774363,0
4.2612124167671155,1.4804215531535754,0.3921316772710617,-3.1387851732102354,-0.016471295942793507,1
-0.8219805806072495,-1.4078471994855337,0.21833012454890777,1.3147127236003198,0.9781125169929608,0
2.314593340937005,1.0067325982088937,2.1367734961727387,-3.5202105095658593,1.0498576453792001,1
1.1518032949297567,-2.002182025492824,1.2349495673211255,0.24331412017665432,2.3946081068765106,1
0.9933482810386653,-0.6856754546948683,1.0745417974562426,-0.6889282656244782,1.3370561470144198,1
1.6963514563229607,1.9267490539907626,4.001585403388649,-5.675881198953474,1.452466753594125,1
1.1668136776595461,-2.128831114877162,0.08047384999437257,1.33160675831018,1.7655382077856387,1
0.6974625111917645,1.273439251031487,1.4776216157081195,-2.6023021402495523,0.15314447954266142,1
-1.387309719892274,-1.0873243713904075,1.5908831360216091,0.0729888517221932,1.505654620246137,0
-0.5174006251555132,-0.8739886215276866,-1.3789830213682692,2.111396584202521,-0.34011941891166647,0
-1.9399863235981676,-0.8569248757645012,0.9736658727264746,0.6020903339175422,0.856185858590819,0
-0.48714719864716216,-1.2910146893718906,1.2280861486413603,0.2321070763973234,1.587943937972392,0
-1.0347672308065703,-0.9042089612245692,1.7350494741537204,-0.33392596749639103,1.53132471558015,0
-0.19264668619533354,-1.0256749609926936,0.614089810053693,0.42288723959356855,1.0714060466280504,0
0.1935335466588718,1.121863050069438,0.6068664720792982,-1.5475970418951481,-0.37641322892519663,1
1.064728844711339,-0.9866308421142639,1.66810402839144,-0.9638147006568542,1.933124125302377,1
0.6498178867163389,0.6382322792082142,-0.05202710758128437,-0.7360965178671179,-0.3631948327020589,1
0.43861330998600034,-1.1572067135410007,-0.4282523663125214,1.1972943420112063,0.628974556007436,0
1.0170481210330187,-1.0858517145991804,1.2014507622198345,-0.46343026725811987,1.702841423587805,1
0.556040757647871,-0.87925282637226,-1.1204803714501472,1.5079456929763693,0.022162871194185946,0
1.2454867370470832,-1.692893898007733,2.7571505922430877,-1.354309572275128,3.144552199171007,1
0.6155020964273856,-1.121236283647249,-0.43884098966204166,1.1117324217556595,0.6294775799198516,0
-3.8820647797324153,-0.3812256230695835,1.0677611523250476,0.8155418038500243,0.22295203286599402,0
-0.2296366149946294,1.1598743406261294,0.8893892107766974,-1.668564169014382,-0.3044419990163368,1
1.6682850009202128,1.0670718340521754,2.085696296650268,-3.29503666232575,0.8567357911004174,1
1.3656238347775522,0.38633378666572316,-0.3602481110383884,-0.5157955405079121,-0.24667495227303418,1
1.234215912685065,1.2696692872894526,1.9909843419148812,-3.2309083589886214,0.5750232264595557,1
0.17382033135184516,-0.4159396235309466,-2.0346430589061466,2.0297212151817083,-0.9457158992986225,0
2.32153227910377,1.3525194385509427,0.9832010323085753,-2.833964909431921,0.08675817415928133,1
0.48818735374353817,0.6921183481093113,-0.1415238559834009,-0.6474922995203841,-0.48677026915772637,1
0.5878491870886118,0.8124955373469296,-0.37741043526809603,-0.5851087846908923,-0.7006909465390647,1
-1.559287796373105,-1.2077690557385,1.8225660899848168,0.04034414274644078,1.7037187519826436,0
0.9303986477298405,-1.177017376155294,0.3615268393226002,0.36271313666925015,1.2265659706152618,1
1.1151469537950045,-1.7002901900708407,0.7712304817699093,0.3940478853045202,1.8853602908459288,1
0.7952071488356186,-0.31400485908916675,-1.103437483639294,0.9235101639806905,-0.3218297581316066,1
-1.2125772698667279,-1.4924311579390457,3.0123279154164697,-0.856688339446426,2.711260302770766,0
0.7408890444419407,-1.482429009797418,0.31040777653528717,0.7360150458393799,1.375182176365427,0
-1.1624267034325722,-1.0155171760176003,-1.113430612976039,2.2385678426628774,-0.19289223643506467,0
-0.6826525112327738,-1.1378808715718178,1.9573767339659367,-0.45081870480153585,1.89961251807548,0
0.05248477803746643,-0.6011367065406856,-2.438766992700266,2.576868733017057,-1.0898434954100558,0
0.9841317849604783,1.4767431799372472,1.0533972571445898,-2.5175941651681866,-0.2025521249832129,1
1.7444711727479305,0.9010584967824548,0.6013321080154801,-1.9135770920971513,0.06059445376786959,1
-0.9037646639009813,-1.9994642203059798,2.9163242005294414,-0.45238671651494683,3.06550189355002,0
1.033302395605489,-2.074363022749255,-0.49206088886324983,1.821844182984068,1.3449932558821898,1
-1.5112539916701588,-0.5377357292917473,-0.07608711145965641,1.0702885447331312,0.05413744508754679,0
2.2506924984890393,0.5741969898045949,0.5534349144604039,-1.7757082561996926,0.3540945291018676,1
1.061059231947861,-0.964974369246891,1.5341529583231817,-0.8666902178216234,1.833509995848435,1
-2.2324241164172802,-1.250676513710471,2.284035079889306,-0.07393277534319691,1.8986235962423603,0
1.1269094309576175,-1.7604257219873496,1.421228143825823,-0.11352655304724929,2.3359323414745212,1
0.17665981690885013,0.16072995013218117,-0.15335799135929973,-0.07036131497532508,-0.1766849017860822,1
0.7832080141296132,-0.00665996445735062,0.3026944862872595,-0.5352525449720623,0.3375787481094577,1
-0.3776706351353041,-0.7073558682405191,-2.139479392726813,2.567508184995728,-0.9069869308096178,0
0.9738823788662041,-1.225592273605953,0.25102904287658,0.4828919587236193,1.1997793850905603,1
-1.2297300941794056,-0.7469144324542933,0.23133995490456383,0.8852780853815949,0.445349932452365,0
1.2467034495553424,-1.2287476898500227,1.6967170969387209,-0.8467555284536674,2.155125387388861,0
0.4717092234148714,-0.42713497441304493,-2.707547211693057,2.5061442988447,-1.3034442733196543,0
1.03937618707132,-1.810323506916158,2.0261995944840465,-0.5556015435038882,2.7329286210475567,0
-1.8276959862871955,-0.7171957897165027,0.8843442822535925,0.5182663639148377,0.7224886410405131,0
-0.4070257749013253,-0.29104323169305624,1.8448155988012775,-1.1787033198411256,1.2828122358302272,0
0.7486225036131511,0.320961963754391,1.4545329196439916,-1.786171682470144,0.8197022660657344,1
-0.3712542871283989,-1.2352359421552295,1.2942615711549923,0.08608813606400663,1.6112299133565913,0
2.0973046380465075,1.0209389546600423,-0.8384714426844304,-0.9145645621409585,-0.8584979403457037,1
0.8991437723045723,-0.16197699678572364,1.7201542355256207,-1.654018839960344,1.3537739878099149,1
0.8743107356708271,0.7133277713855499,0.90438766319116,-1.6976539959364543,0.2224860455762032,1
2.871333623575321,0.8822214732972056,1.313186676903444,-2.9116311760493905,0.7254351337966396,1
-0.830954805814375,-0.9998681410802962,-0.9545605092924475,1.9699803462130558,-0.04382701998514741,0
2.5512569269693373,1.4307908361097166,2.3400014070197157,-4.141859882483335,0.9212551094485939,1
-0.1820742358998878,-1.5329010201376876,0.874989123370095,0.6303454620472883,1.593956112539582,0
-0.8163613305513564,-0.871827355122645,-1.1556350553505548,2.0267894236741317,-0.25702634649054584,0
-2.216504122377881,-0.2549475397613472,-0.04273370734409632,1.0543533062343875,-0.25391619071897936,0
1.1558650576700007,-0.32002295536347014,1.597890364181759,-1.5070811742113492,1.4359790777516128,0
-0.9802306608621096,0.3801307364233517,-0.9371196931330574,0.82831030316852,-1.0333711924117266,1
0.828165078020497,-0.5711760265177078,-0.91647274106194,0.9720627504028754,-0.017663659305293657,1
-1.1181969753840355,-0.8089870271655607,-1.6110993072696926,2.470678354659942,-0.6412552421591701,0
1.3171249971386487,-0.8971122400266891,-1.2340548811604377,1.345546712951643,0.10355996356676542,0
-0.9873668431942755,-1.163255704982243,0.35101063210113304,1.0518854789286871,0.8581618372955033,0
0.6431856564275871,-1.5421298248730246,1.6122951277690225,-0.2888272926294495,2.212540944576657,0
-0.07438860629421606,-0.9139575783635244,-0.21198645480640943,0.9897017430949133,0.4983529749518153,0
1.679358845142658,1.197829981981669,1.4208683891104197,-2.8434648717126425,0.35129778330967226,1
-2.39873606042811,-1.6988090186381035,0.7438060857438258,1.684070946386455,1.2219812027278096,0
-1.5449081728708745,-0.5923986190826522,-2.015475496399751,2.7844830822263127,-1.1249087351940439,0
1.1833688273556888,-2.1934118834561733,1.2585174351144497,0.37541426812216505,2.5499603669899273,1
-0.07569503904535302,0.6580633036639456,1.870621810334225,-2.1322801269511418,0.6905599474922272,1
-1.5350951731872078,-0.2565581938735425,1.7488719393151804,-0.7192866424329084,0.9914359252586371,0
-1.0928859303175857,-0.28344035782248,-3.5315278302816795,3.651021340204746,-2.206733755467132,0
1.0197659395839425,0.8816585250743109,0.9511760234263226,-1.9340854987557003,0.15973055185578364,1
0.7311698814888823,0.28682462041143353,0.9415899620868717,-1.3128671761492894,0.5201657712817502,1
-1.0219121943192262,-1.4504107754483289,0.9865323338669324,0.7675998356145578,1.4512589619713678,0
-1.4932058132291433,-1.9618156919839433,1.8498914375291617,0.6382959834323156,2.264594553479678,0
1.3371663477540197,-1.1008560310678035,1.8881778690415478,-1.1522265039133976,2.2011532026362484,0
-1.874092739657614,-0.8892641816678937,-1.40138609846659,2.6331098856340587,-0.5924525807126747,0
-0.13472969984174288,-1.3181172850197922,0.0698381940973567,1.1167095923644947,0.9482814178548805,0
1.6397260272753993,-0.8004757669657185,-1.192202903285971,1.1107479138861305,0.12079901539212004,0
-0.566943971698258,-1.3603501340312176,0.15374724265630002,1.2371764779294605,0.9511106700633364,0
1.1842972696777572,-1.7982460459029297,1.3811061635908435,-0.06763198677143234,2.3480749593405914,1
-2.0705808514880397,-0.2538567300558312,0.22319518072187505,0.7737952274766268,-0.061783091692903774,0
-0.8563296441885169,-0.8544696636117838,-1.2353482602691956,2.094396535662797,-0.3263955958873123,0
0.7717869212507399,0.8845520791877002,0.8020994013851053,-1.719846772305715,0.019039028698340534,1
0.8715492041437103,-0.8799585099924787,-0.5151114262634915,0.8780195977658205,0.45872721365071323,1
-0.5639179520984485,-0.5971525995670237,-1.9826031636519659,2.406531466754019,-0.9208982143841392,0
0.88527146102157,-0.5538976916977176,0.2565217471576432,-0.06448587774444998,0.7133321455766529,1
-3.4162612582675926,-0.3734154395212964,0.9006306590468749,0.7834354535100568,0.1985785130760604,0
1.1397652799583722,-1.7164839788671231,1.2177524758352278,0.017909080123646823,2.18021186426315,1
-2.6239039849795205,-0.9163333629884167,0.6239795476549639,1.1981490566904422,0.5540701257037918,0
1.0398902715114124,-0.3641040892085108,2.66416651832092,-2.337597860112003,2.1117986637990005,1
-1.4718244292192761,-1.0263867042835695,-1.2238011264165933,2.45370661906491,-0.31097976188995846,0
-1.6296033009831057,-0.18779366701321853,-0.6767929655556788,1.3263093179751804,-0.5895571020043138,0
-2.0635096631617214,-1.5016393050177879,0.7975862140000654,1.3485255269765892,1.1781038249995348,0
0.782792251455363,0.44244149749786166,1.5350126612418697,-1.971121775752065,0.7905923205280135,1
-1.6593971167292936,-1.003022393166268,-0.44749848792510294,1.838816551182007,0.12301042987512198,0
-0.5336304183702089,-1.3426049259363866,1.6463732337878625,-0.06399492135045122,1.8770614624714932,0
-0.22745393921102963,-1.3798990589768398,-0.29189040306044123,1.5117618561482233,0.748869516762567,0
-0.44784744602102444,-1.4184324696697335,1.672468740487297,-0.052346380658364874,1.962578275692771,0
-1.1555151595427327,-1.3272965388844753,1.999545865984174,-0.15413865944994246,1.9726836060559696,0
0.8089695106167607,-0.2768094309443986,0.3065810709000817,-0.31674104514640405,0.5352174246869804,1
1.8307696213831686,1.0794631536946049,-0.4340741688159029,-1.2136195897313464,-0.6961024893899707,1
-1.349408353694536,-1.2641218940323604,2.7563204738162153,-0.7841401938340724,2.3652453412266685,0
0.9953255389465517,-1.3624478241663422,-0.15886637674144555,0.9420897335658006,1.0441778251487916,1
-0.1057505395859697,-0.4265784584430813,-0.17827979730110766,0.5552758957964586,0.17000069058485814,0
1.107938434211752,-2.4667002166450986,-0.6610107306242881,2.2747747714641067,1.5298002792029328,1
2.342057036070422,2.16278152221401,3.025573421761125,-5.277766145486815,0.7949525197073997,1
-0.7148588747119687,-1.0034952075646544,-1.0663443278961895,2.02660205628029,-0.08977659632500753,0
0.9908345857504964,-1.462942191806996,-0.3614447296136165,1.202589651934222,0.9876737272416136,1
0.6547694634464515,0.8052995571972033,0.5686906621191687,-1.4106041818967483,-0.09236194071161972,1
-0.7071785941011691,-0.6014494057557662,-2.1849242662084754,2.6345818709532334,-1.0705502559909306,0
1.4346964804225089,-3.1819949019667875,2.1027842327398334,0.40991440579361393,3.8205103441217743,1
-0.6785029722732416,-0.9198391596081558,0.8852115266634782,0.276242794007483,1.0769229846931168,0
1.7404461500660928,1.5324451363586205,2.073637360602005,-3.7089276046757083,0.5343213752598236,1
1.228969905997769,-1.6183643184711345,2.374561382970798,-1.0855698302098244,2.8499906070684546,1
1.7625055235610838,1.6078390981722253,2.2812791722431407,-3.958613853273432,0.6149122699393017,1
0.879317212800644,-0.09580410457962973,1.20109257006339,-1.2604549455102554,0.9792515001480305,1
1.5694345723465821,1.2416019230034305,1.7423605534325706,-3.115646961681987,0.5010657666635976,1
-0.7071347832526572,-0.8155573508279613,-1.5729275420632765,2.2953996688780665,-0.537301619141838,0
-1.4106953163782427,-0.5945790515727529,-2.253869007258228,2.941392652817004,-1.2476365731914116,0
0.8244565745568421,-0.3143447218088503,0.7449320169202136,-0.664352499972174,0.8383361987479533,1
0.7813631107082831,0.13370517279997896,1.1515056344468664,-1.3791428148109015,0.7684662487179633,1
1.1650637653426483,-1.9718098014894154,0.6078831398403064,0.7477514788016733,1.9839402384836362,1
-1.0117672473229264,-1.0264421581300587,0.7001197130700385,0.6456723506421186,0.975280762717377,0
-0.9755729623326955,-0.7933637845151528,1.321776489772049,-0.09738501275798049,1.2058928201463441,0
-1.728471668659438,-0.9418468026952262,0.4831680471327531,1.0170697959677144,0.6485192888014057,0
0.6740160915949438,-1.6117681323812605,2.5525288528091785,-1.0428708679025838,2.85460602983524,0
-0.204918325323181,-1.9292481221209434,1.5381287808415638,0.4116838810241831,2.283443550692151,0
-0.4581603261810103,-1.239201730103187,-0.3238716048358268,1.5019294601756379,0.587326768349661,0
-0.9419698746395555,-1.2099479074505357,-0.1786265099813552,1.5275023576269708,0.5685901105888354,0
-0.7283687085515806,-0.4527678469539884,-2.997577574610019,3.2086312411415254,-1.6868869958015174,0
-1.1521439793417299,-0.6477052214548968,-2.180285880832918,2.8307496500024985,-1.116740944439492,0
0.8887388551956994,-0.8890822647852216,0.011658357489543913,0.4300203155362337,0.7973552776688367,1
1.1244053402164225,-1.0411981242507853,2.206327324878594,-1.3980409940529142,2.318749664626825,0
-1.2484174118367464,-1.2113560607393743,-0.17151794297018086,1.6332126185000482,0.5177546339771717,0
0.4468505100927551,1.032150395974596,1.0705380195999945,-1.957994020606372,0.02298094626973234,1
1.1468050499859979,-1.7169335112287991,1.8999559871763612,-0.5665131189894682,2.607949401999715,1
-0.18301205935667164,-0.28629031142671246,-2.8243703486581904,2.721592731301565,-1.5959419607334573,0
0.8215086328861294,0.5110708761207963,1.5547690115225052,-2.0606689516266736,0.761651599899654,1
-0.3284134433047652,-1.2649564511548546,1.9304418026474153,-0.4469280440933014,2.0374321478966686,0
-0.9142450624908948,-0.5556688091025307,1.2103778679024955,-0.22779158188224588,0.9799728549888735,0
2.0716313719949753,0.3269841562583814,0.392096558777529,-1.3618947201985954,0.3947468256196336,1
-0.2340185987345802,-1.6309897696797555,3.422100560138819,-1.4409749416508728,3.244594193072335,0
1.1873168559038052,-2.67552544677614,-0.324614254630504,2.1376746180583788,1.9017417259988698,1
0.5162945818638882,0.15175358575099906,-1.4528612523932312,0.9239083881384846,-0.9197081916837888,1
-3.046498320759314,-0.6733758038867875,0.5815708301390192,1.178966016295188,0.27867725443572006,0
-2.080283971889918,-1.127590441613321,-1.0959159490933024,2.650684543611666,-0.2714628958669056,0
0.5408017670873457,-1.3247414510159863,0.35126806280945844,0.6384279337022384,1.2527811903945298,0
-1.85638770128966,-1.497126647366585,0.9481416200402015,1.141430415310596,1.306994970830735,0
1.5650232390565941,1.3030675969469832,1.3178487395715046,-2.804317116798676,0.1917519045189862,1
0.006477674187245319,1.2524786574979787,0.9398892272682667,-1.8760882237963705,-0.29483836687686543,1
1.0162787329232372,-1.2190080889102766,1.3086104966483472,-0.440693653176133,1.863523594745664,1
-0.8047402435106881,-1.0514268310560702,-0.9224356772727171,1.9772133400247984,0.01740639394053221,0
3.427744625434648,0.6126426213714011,-0.813155359938782,-1.0669085670629228,-0.31050752718534125,1
-1.5318296304563666,-1.5043603959968777,0.6435193918401103,1.2905095204426391,1.181411834656536,0
1.0660750723263,-1.6594892506464514,0.3041555732248269,0.7754997098532337,1.5558302412650946,1
1.462726151734085,0.9600418211238666,0.06395244257409671,-1.4037219315265004,-0.3683931425108125,1
-2.6062051534471227,0.15930072458688427,-1.098145635866536,1.7413625393533523,-1.2768022981593348,0
1.2009621496083924,-2.6150340199648623,-0.4243378478393629,2.166113156936386,1.7993042634734695,1
0.6977978750001366,-0.13207467056373012,-3.777559039125501,3.0853949572221744,-2.1383425454694103,0
-1.2474605404576438,-0.8272159559287792,1.6216222898413797,-0.22624132051642706,1.3671330041414704,0
-0.46098483035120286,-1.6384544416686566,1.2388990087575869,0.5106873280265107,1.84447952808601,0
-0.8512903063603545,-0.5230268644765195,2.0780985620562404,-1.0190407623554312,1.5105251306431553,0
-0.966340287665706,-1.1943079718554137,1.633455914619875,-0.023713173702003043,1.6849771918917087,0
1.0404232911276345,-1.56295348051014,0.11135014728131754,0.866726202514465,1.3626204252992913,0
1.0534820195643375,-1.154719878359372,1.570615037030278,-0.7327417839071392,1.98868259463848,0
-1.86862498383603,-0.9851791524756708,-1.3935412729580365,2.7065005953085413,-0.5189193956634012,0
0.1940046944763162,1.173895539484006,2.5797361291860326,-3.276144583193911,0.8193082643388393,1
-0.7969533475275735,-0.6003292342104896,-2.3123417276412694,2.7747680710351874,-1.1674135101436436,0
0.7052245475559054,1.5614031341604306,1.998972644762349,-3.296445529941412,0.27718203690794513,1
-1.725027211974461,-2.067728967438752,1.9965760384631799,0.6873586317571296,2.388331578047497,0
0.9461906161871011,0.4871976159495752,3.2008552174137668,-3.490181336551372,1.8295805824676705,1
-1.025938431102554,-1.0643335170165291,1.5787533766685384,-0.06671832063372937,1.5482207228498535,0
1.076780479101474,-1.765627429123899,-0.347693546844164,1.418801523153658,1.225465757082923,1
-1.09796228432208,-0.9611808468379435,-1.6745245157650694,2.647719322143991,-0.5698464704826035,0
0.5192251454762229,1.8594438817755838,0.6796689527210404,-2.3582818817578537,-0.7911999526072079,1
1.1374012179937047,-1.5909853685959914,1.4239073933441677,-0.26456219550234567,2.220060978237879,1
0.9040703313144517,-0.3010435072960269,1.7203858976348978,-1.5370170286134788,1.4528782457279106,1
-2.8217245424132384,-1.4580896129334442,1.713263204110217,0.8033085679191861,1.5801405463273193,0
0.2846260099161171,-1.5853401226713733,1.2025495280803915,0.22723827669547722,1.9212297380820569,0
-3.017695899943923,-0.7936976303479505,0.31243540441573947,1.501223238046729,0.20069271349253212,0
1.6540467087542698,1.689217656040015,1.090268924159887,-2.9725646188866643,-0.20632830297699403,1
-0.19232386535174384,0.7176742060262272,0.4106026995766625,-0.8950584219151633,-0.28486478679299443,1
-0.013056017714424328,0.6542495191993383,0.2999217385641979,-0.8110124398594512,-0.27636317488040124,1
0.7196995846789955,-1.0108837537854298,-0.8797783720580705,1.356068549744409,0.29537620770711703,0
-0.8794121871388254,-1.061977030772585,2.690619102556561,-1.070591331759457,2.2679735900251785,0
0.7953277262700648,0.57988052923998,1.1922210946246183,-1.8006539926635103,0.4818671023309257,1
-3.1202973129371827,-1.1712335558356022,1.9015143284265468,0.5049487429250173,1.4406455622798218,0
-3.419948599784181,-0.20872970136232405,-0.5030556377266766,1.8419290684269027,-0.7950085843036924,0
-2.0293895854482797,-1.0778668636182018,2.7117044156750465,-0.6600572591451209,2.0811939954385523,0
0.2610714034999311,1.7335065646738497,2.278632352725798,-3.52211929557171,0.24896455030477296,1
-2.4728905807420984,-1.2122210037677164,-0.4070547437861437,2.2768011571342237,0.14640741007288638,0
-2.376600037883311,-0.4600737872479477,-2.513729796074622,3.396630161519841,-1.6821488653898078,0
0.8739053403793249,-0.15524301721038414,1.2658162339596726,-1.2628919988771423,1.060596458485016,1
0.6757912029803097,0.48598517536041896,0.8759284147483826,-1.4072327506661633,0.32855598278212356,1
0.8136306949609393,1.095407629217156,0.6913876952784772,-1.820847108348105,-0.1911051414632386,1
1.0871654999599407,-1.5510693315243795,0.8613859420188205,0.1995310998120377,1.8313219498645419,1
1.645079962692395,0.5541110681072499,0.7404195748093161,-1.6995991620120001,0.37385405282780937,1
0.8318357191991212,0.3224904477153865,2.170096207074055,-2.428244008463968,1.2808694382864445,1
-0.08020536644104292,-0.9681228608806358,2.6021802954163338,-1.3637748732923443,2.2933026469868603,0
-0.3189289544448364,0.8773621723987133,1.6673134899110904,-2.058609987569974,0.3642786166072287,1
-0.9851304008731947,0.8506951093349833,2.1943365950928424,-2.245234497070566,0.5899531814972996,1
-1.3628398352747457,-0.5063864578838037,0.6987422241797507,0.3285933318962086,0.543269711658076,0
-0.14900324438276058,-0.703171909870455,-1.918219593523251,2.2925734215867384,-0.7297435246351789,0
2.111001516861875,1.0743218423208993,0.594016821837493,-2.1878192788621913,0.0011588982619054995,1
1.281025696831144,-0.6603339190189044,-1.4121818952711762,1.3080314431248903,-0.181283715839313,0
0.43668044458939625,0.8633464802401448,1.8627515244104385,-2.4860669151324317,0.6349802039579432,1
0.21049621072917157,0.915585317719872,0.891187170356411,-1.6199086254672417,-0.05025686369869719,1
1.4151040657675111,-2.6538015757828077,3.131234706911357,-0.9126989650494367,4.086892749430622,1
0.900952116770371,-0.8086756995615969,0.11733957506086068,0.26662252653893886,0.8089157924207129,1
1.0582010663834325,-1.7722047291288034,0.1949570499853166,0.9679754647280387,1.5656502717111909,1
1.0382748037454372,-0.7423624542065393,1.539841243999814,-1.0537778040863865,1.6759171934098411,1
0.8112297930750463,1.3457910356392921,2.240621456861855,-3.356478794110459,0.5996152943886128,1
0.9271655106465372,-0.8149036891910751,0.7519301855913054,-0.27913618322538125,1.2145075978067374,1
-0.20575070819446406,-1.2263632580682038,-0.3124946192727158,1.3901605318774337,0.6317272963602378,0
0.9275713697915703,-0.935835434401133,0.8705820568046615,-0.27709093810406815,1.3739644375583395,1
0.5229008251228563,1.2539211635526526,1.2805216672739979,-2.354391523524597,0.011738818895338338,1
-2.3378613727582125,-1.063225107964387,-1.0804962102813764,2.6753958328675425,-0.35451008631429903,0
1.3454075703292707,1.5780516277413539,1.0787004891552208,-2.756220201068681,-0.1918428780522363,1
1.9011453287899005,0.7762552075687122,1.1785352579537616,-2.3559820352497196,0.5379014512079295,1
-0.17435585792580754,-0.9044206250560761,0.4530510049380506,0.44999746531699636,0.8886784093236223,0
0.2974774729016545,0.1351231751095353,-0.25163840195426146,-0.008164032063277439,-0.19783503781197873,1
0.8824432189287936,-0.46110164157896305,0.9310088595181277,-0.718536922206761,1.0686909309210928,1
0.8779063585052492,1.5844989037943762,1.8714906745644546,-3.2697051816159983,0.2129748024485391,1
-2.163570801340027,-0.6196913359163045,-0.9670424886100228,2.136212898521885,-0.5643734467105701,0
0.08674605566923532,-0.13751492574438595,-0.12396054539318402,0.19215130279751125,0.035458840444440476,1
1.0676711609035432,-1.0350933473414525,1.8487081013882376,-1.0775618398057947,2.080646566562824,0
-1.3799479775506418,-1.3872798302652751,2.0593440334132254,-0.07287863086404453,2.0111200572378785,0
-2.116153665531301,-1.2524063263200207,-0.5318021426961819,2.2889361389976024,0.16232282891018265,0
0.7163310967601422,-1.4317142456921332,0.9308898771636379,0.17190056928297115,1.722488903167097,0
-0.33777857005711964,-0.8192069496313358,0.1092687592729139,0.7294811860222937,0.5838494571108063,0
0.8377053749902279,0.6230106174318253,0.589166863176585,-1.3381322279078312,0.08254896515244085,1
-0.8457634932455762,-1.0229313003023262,1.6708381538777806,-0.24574572184969115,1.6096305811444165,0
-0.197751259271142,-1.3336961005823764,0.3706725562057993,0.8960126509958346,1.1356057630535914,0
1.1615071521251439,-2.4827527105530365,0.43905054406024524,1.3302676473135604,2.238091266123771,1
1.038200435261038,-1.251413749717562,0.9111523845054811,-0.08164509260169434,1.642131687494368,1
-0.14577549405920975,-1.276034184759924,-0.39001314710719137,1.4771784806914188,0.6293416059689483,0
0.9788641818171637,-0.3214680377803678,1.7042236467789196,-1.532735578942669,1.4709172909322057,1
0.8891099179961988,-0.8289014428418191,-0.09271910889579504,0.46748633460646893,0.6897924915215657,1
-0.7286980058235758,-1.6836171368369277,0.6765459923554584,1.1258956978739278,1.475901911395065,0
0.799527800702811,0.25853073353729794,0.8430686942177289,-1.229236801839157,0.49112741650652064,1
2.9269619837126033,1.452634306513321,2.4208460167459354,-4.365111788482334,1.0253371459969203,1
-3.0463521924244645,-0.7052056562747043,-1.4177788502866708,2.9126075735987644,-0.9477159954479657,0
1.3739402145727804,-2.7082666686339403,1.7309384925016567,0.3439160896062405,3.2430638671126957,1
0.687346884675556,0.3107303627436848,-0.7007789955832326,0.08426908261847423,-0.5306172034331618,1
-0.3868063209059833,-1.0502703853890223,-0.9168934817841516,1.820694242891106,0.09679211643726914,0
-0.017782840880693263,0.5709895397052627,0.0084690351544362,-0.4893171059688595,-0.4005764458141006,1
-0.9218656108374065,-0.37789566711723743,-2.724611064621934,2.9814134569903104,-1.6047036660206455,0
0.38909894229341324,0.9115055720557816,0.2784941971871534,-1.1579230378251062,-0.3972952437151046,1
-1.8122403271008873,-1.1601849356463736,-0.5340245892966782,2.10227544842009,0.15171315961943,0
-0.7313818680054165,-0.7702693673484428,-1.7326501897903066,2.4017274734869183,-0.6734543545865106,0
1.9613065444903,1.0372607157033813,1.1906743559643846,-2.6113512936474197,0.37249709038860856,1
-2.6054160070098895,-0.40649210737689845,0.7762186375476839,0.6253505492070032,0.29307262299707876,0
0.7107746131743364,-1.3445132699105118,1.356356838191232,-0.2638383622675959,1.9257451745536538,0
-1.2005916021280476,-0.3892589864535182,-1.3405923535752633,1.9104333401632574,-0.7833638935696414,0
1.0677452496642863,-1.147125109751473,1.698659198123738,-0.8536727144228464,2.065927345351058,1
-0.5450682864249314,-1.7214407245746877,0.4707329716751333,1.267661075978118,1.4077304687986294,0
0.8608316265295999,-0.49933641640286597,1.0260123442959277,-0.7591138830563474,1.1510242803020097,1
-1.2616858963158943,-0.5790717570462051,-2.8487949008456606,3.382134252550025,-1.6028215235704082,0
-0.46998572004777883,1.6309725538589817,2.623926485132153,-3.465327921879443,0.40270969930548206,1
1.299386405220678,-2.5343826838890937,1.4253938718498511,0.48283676969610423,2.9159162956113605,1
-2.264568468614968,-1.1235089447669968,2.307475796571751,-0.1911383787635481,1.817698181527857,0
0.765309855199204,1.8520442399077184,1.634897529587068,-3.2560397383682873,-0.14412858252774957,1
0.5379212489144268,0.8304481558444547,1.5199541476203553,-2.2018702880945655,0.4626429025592297,1
0.7859166122274076,0.8881132646677495,-0.04497785368941476,-1.0050039203575065,-0.5099913248368806,1
1.2423303053723787,0.5730556959915938,0.16978040599369937,-1.083440932623117,-0.06989590326932048,1
-2.639349420162981,-0.6098794463063952,0.8031163771528713,0.7886432541006324,0.4470503608391272,0
-0.5537219600717914,-1.081813119190373,1.5434587501171462,-0.19202521387793156,1.6252056502327237,0
0.7607503749637973,0.5046937241975116,0.4139254667298986,-1.0595701748835689,0.042381488365936214,1
1.4086321781668183,0.920616093653928,0.2941790449397106,-1.546973772864803,-0.20671929167626227,1
3.000687874694277,1.182687411232608,0.3010355982206344,-2.3514861012839736,-0.09489475478833358,1
0.7724985620895118,0.1658009305578536,0.5719681215831716,-0.9087631822354302,0.382208831319377,1
0.36756296756395423,-0.8331834703500932,-1.3960488876081412,1.7717383798484594,-0.21705750545726224,0
0.08543556735505042,0.4227009032432323,-0.6352964887814279,0.14976609738423502,-0.6791847511976674,1
-0.40249080368478274,-0.6684713743197908,-2.0355344447855153,2.4544786091497137,-0.8740339111500278,0
2.4095325768062352,0.8186182595015454,0.6752029239158366,-2.14606367382098,0.28698063322868655,1
1.2769091461964528,1.2788537035839758,1.985555697571812,-3.2495372323076377,0.5729955832441569,1
0.9075925399700537,-0.8366602067713234,0.8469427520919164,-0.3345543029154012,1.2856022231287254,1
-1.0015877745167734,-0.8929100141877084,-1.0780905432498105,2.045475204513516,-0.22773460462735742,0
-2.3558494572219533,-1.8185109380020728,1.5961125197046115,1.043555454444171,1.8466371084751882,0
0.9521814308038395,-0.7891467580191502,1.1467456371806803,-0.6471770337738211,1.447555276741594,1
-1.499180504564419,-0.7683229420825622,-1.475112904668025,2.4572898742903058,-0.6549400240576794,0
1.1209869869607023,-1.794579418695105,0.45937574387235947,0.7387797679507594,1.7581201010485314,1
-1.944452111603963,-1.4890536092764903,0.39976516653627936,1.6343432236355073,0.9425977591969826,0
2.4963971673676637,2.153231355232549,1.7303490410293905,-4.219799370167066,0.0209835263009407,1
1.7625828802510275,1.0987663572438153,1.741977916595546,-3.0628106457597086,0.6370043402223903,1
-0.5067615985241574,-0.009390979355682005,-3.956313905254006,3.5676333733933783,-2.557678733602893,0
0.7273046649943778,1.1393442890796366,2.2546998568994505,-3.161589152654642,0.7385635287597241,1
1.2361448234884174,-1.3367747782705848,2.267046120640633,-1.2373049527844695,2.5856031854397217,1
-2.9039610338165085,-0.43995074821358227,0.39180233097290884,1.0897998549142394,0.021726769727803928,0
1.511176053177019,-0.49302737384406237,-0.27395154394394683,0.1103610557852255,0.45398682610747865,0
0.8500010418778865,1.133749371697399,1.0607826444164028,-2.182055079725482,0.01927538804347735,1
-1.2182949579834552,-0.9729202513379883,-0.9584547198687706,2.0900095746322402,-0.13638205162542597,0
2.235604964752868,1.2517893780371079,1.5758522799691241,-3.2226148403396,0.5121952334951618,1
-0.7004965792565941,-1.7043133933763825,1.8486157718529075,0.13305466768902485,2.2277883598273536,0
-1.245519558264851,-1.2421032485825518,1.8007038911222764,-0.024836173934746193,1.7718845083073596,0
-0.14519183618194742,-1.268783633614535,-0.41016685724787094,1.4879661074008765,0.6117477488201556,0
-0.8991881418643979,-1.2305225019678447,-0.3289942246602021,1.6580083856063006,0.49702764894909435,0
0.32425228374579174,-1.063529780304372,2.145129404213704,-1.0379902326026957,2.1493484823570297,0
-0.4477131073418338,-1.0070818487624105,1.012314851738777,0.15912484869522936,1.260207091894568,0
-0.4075956879863032,-1.284729988016211,3.5359330305826755,-1.7717412163837778,3.0396807133226567,0
1.3605320327255481,1.3692790182079575,2.5470376049939425,-3.8363024741325127,0.8753127860071087,1
1.0225417101929353,1.4760013234236697,2.6894385223209865,-3.9271941931280487,0.8269517116180658,1
0.4423201630702924,-0.9805868575474536,-0.7239724541590651,1.2972509440995532,0.32040457725763793,0
-0.44007336794669816,0.9789938452193208,0.5711863648910067,-1.166294476997801,-0.4143042944862196,1
0.7657583337485512,0.33100135807800124,0.38993325840153215,-0.8922985982661362,0.150784105756988,1
1.5675556948259048,1.1513551294207203,1.9797793299232311,-3.2403981765942804,0.7126532440572863,1
-2.1327625181492857,-0.8874317173272468,-0.056560774051796825,1.577055425193854,0.19878401400662404,0
0.5470328989554458,-0.7954961372577153,-1.2880715006195307,1.5825791140792524,-0.14323068042375106,0
0.8080157782139772,1.437866463815721,1.540122532027841,-2.8362114504365885,0.09654740863463505,1
-2.3530660997317527,-0.8940079089548651,-1.7237873031044275,3.0851643202952332,-0.8784378597752827,0
-2.6908851241635485,-1.900694044851554,1.3685006518009528,1.4290231809631848,1.7008918123885817,0
1.040965694727026,-1.5038468540052534,0.5051524262142999,0.47984862424815833,1.5670268473111593,1
1.2223143075099356,-2.546623785946974,0.39523674201684666,1.400366948073808,2.2669239128070577,1
-2.1250072467138486,-2.0655783626921185,1.948516510547472,0.8708591852778396,2.2833528922508073,0
2.4563808960398585,1.1691623837563796,-0.6915020539086607,-1.2963778007580216,-0.8052751332519889,1
-0.32316871924894497,-0.9597197561837097,-0.9282847238740582,1.7299851723724395,0.03751491818854412,0
-0.33830505898220087,-1.1645091757235568,-0.028115150757320184,1.1423498460178785,0.7414085541456124,0
0.5902943736447167,1.7486262283261524,2.3347097977686095,-3.7017079945499116,0.3337822266715031,1
2.321431031669113,1.1275247033152669,1.320152117829268,-2.9290268020558003,0.45585334577549685,1
-1.8426499124724833,-1.2204738725417714,-0.26955284476268115,1.939098586425127,0.35383706502392204,0
-0.5279151097556237,-0.6596356497821199,-1.864682575874888,2.346351451691993,-0.7965738135896436,0
0.06231404165670085,0.9454976584906998,0.8577256061520651,-1.5634728689636075,-0.11945771790041769,1
0.8701656631933654,-0.27795688186347167,1.653968954536147,-1.4878476241137637,1.3888882467713308,1
0.434142428384647,1.3953026598823195,1.9906853450878759,-3.0494542692400097,0.33934698264878665,1
-1.4018690789532067,-0.13015541035586764,1.147380943881962,-0.3621223840178618,0.5510603745846028,0
0.698427593685234,-0.5198983366189889,-1.8837213797054644,1.8005598136423135,-0.6818181335861088,0
-0.3117975487277136,-0.08947440307895871,-0.030085249877409126,0.21473022202284414,-0.012955388011607422,1
0.2139875800125225,0.7089346663281318,-0.5006273873118106,-0.2564442561823296,-0.7732832830856851,1
1.0031137220604094,0.23001379323588234,0.15194876948550218,-0.6884205553812618,0.11691867146612056,1
0.7995635762861861,1.2141599101652276,3.5234106005780306,-4.334525323887005,1.4915600744268525,1
-0.39502684206554406,-0.3396336486917221,-2.9923823089795953,2.9871292620350407,-1.7022052564881962,0
-2.361261088898742,-1.5580296602296917,-0.10566205440315823,2.2751351543220406,0.5989922743382119,0
-1.2619925871152504,-0.40360767844386103,-2.38665850580192,2.8376906703854226,-1.4379300901375043,0
-0.15650396080436624,-1.2048977375898047,-0.1646932343677583,1.2278768431506377,0.7179564373460051,0
-1.3221414748599973,-1.085652014655087,-0.7292196327013974,2.0282721114595277,0.06722475532178075,0
0.9711506149648904,0.9764042346363199,1.3956536718281263,-2.3769685100599545,0.3616355270062235,1
-0.274210149041059,-0.9473237942035178,-0.8794782157437305,1.6600578436353657,0.06825040466446507,0
1.2608557978082158,-2.164042395925125,1.898507991063071,-0.2239090452770438,2.943240238142028,1
-1.4653819645165955,-1.302318999229541,-0.5013497738316295,2.070834935773317,0.3360295358881825,0
0.872115338921342,-0.24120872280785077,1.081960220551301,-1.0317761928111664,1.0060388481149578,1
1.1681057728485906,-1.4780307963862112,1.3735240202335124,-0.32927569824777125,2.1145840296613123,1
-2.1882305070739756,-0.2501871940050181,0.20464099004424463,0.8289424364176005,-0.09756238759663538,0
-2.560790779903579,-0.9319804537979659,-0.8722778638248593,2.4658320655521058,-0.3579228697452406,0
1.1208756278895562,-2.028353524092155,-0.22135786723565953,1.519835473448417,1.4977225570801171,1
1.9966245976383563,0.4340766215745434,0.429085190945804,-1.4580228399250021,0.32856852471524145,1
0.6089481593861825,1.5110943676004016,1.3891651784825638,-2.698189711602734,-0.08593030476132187,1
-2.601266037299757,-1.0924689159736674,1.8893096552585713,0.26070167566759705,1.472787977675964,0
0.8579482975974709,-0.4612057237844174,0.7789287469117637,-0.579807876793622,0.9692721534499584,1
0.8328384697118021,0.9310636965624925,3.0788344437062265,-3.72488144701807,1.4195816284956795,1
0.24311233839267787,1.1740478634562872,1.7028004929727358,-2.545521703733831,0.28045340397103286,1
-0.3287972060273828,-0.9253109583232177,1.2057960650906518,-0.11887881410279323,1.3452408423304978,0
-1.2975885676644503,-1.1455507804733098,-0.4457251392674195,1.8286937289261338,0.29104780472777986,0
1.418092996656431,1.5627597432430775,1.6557543203731337,-3.261884319483014,0.19273335828710733,1
-0.8163509481420579,1.1537082224146327,2.9227903765379453,-3.1871156334767803,0.8623085200355753,1
-0.15977488441885768,-0.5194061837894255,-2.6724374362155885,2.78297244794227,-1.3324040853927124,0
-0.08191791625738709,-0.9159381049105555,2.6709038002217858,-1.4664592787993673,2.2991201218283925,0
-0.8427519471659878,-1.5511897688381595,1.6431937001731804,0.2287093716514709,1.9653877313664236,0
2.0477913021430014,0.8883547554892278,0.8581237677244985,-2.2313267730732664,0.2856471306068119,1
0.11033600427706558,-0.32429741816227875,-2.8543292972859087,2.6738334220537032,-1.5339934324952647,0
1.6132262074017572,1.6217906122334997,1.0718376431531813,-2.884417837418508,-0.17779400688378705,1
-0.1335699520909468,-1.6504285320054826,2.2519047268758277,-0.46181584173754253,2.5457994247515683,0
0.9980072517399414,-1.32341585888441,0.7207949305554608,0.15692999685357212,1.5666159725982467,1
-0.946830207699309,-0.6181566430863347,-2.0491518643976487,2.6194640341427395,-1.0179657611478714,0
-1.5602143271594549,-0.7412661079368869,-1.9459081662129103,2.8579918239011612,-0.9792994507499421,0
0.9707569815014416,-1.185581217057227,0.07320364266507629,0.601564099198037,1.0599180481747863,1
0.8579149432461318,0.0860986906526704,1.575810053571355,-1.7281825751957591,1.0811246687846114,1
-2.019786781901347,-0.6972248582677119,0.7289267037799243,0.7031410981110182,0.5760571422866636,0
-0.5512448795285605,-0.44902252242229856,-2.4454100722416667,2.6702371202662083,-1.3121021022054133,0
-0.5901700306257218,0.9698126799943575,1.033194168916427,-1.4986092834823146,-0.14680474114620307,1
-0.005984182265087679,-1.5561788957528577,1.6022357176693376,-0.0339877311498309,2.096965554420191,0
0.7239139832784007,0.4825988477547507,1.0764645099444032,-1.5928586446596509,0.4650415622654289,1
-0.11917571066050447,-0.8456870269603913,1.530450275874049,-0.5397314678156333,1.5303785836601136,0
1.7492120707827032,1.0855597144068527,1.6555795182592234,-2.9729455539413983,0.5898937378816772,1
-2.145695671913757,-0.7904564444324389,1.1262082828148625,0.4892518405131468,0.8668311552788827,0
-1.7108652225816696,0.11623996418300231,-0.367327968101534,0.831385912568116,-0.6255477943673321,0
0.6845820638505967,0.9617625281442247,0.5842724279046694,-1.5685209067798613,-0.1874760638604888,1
0.9924715392796372,-0.9264931016742286,1.2817533477508678,-0.6594393550011514,1.6361257542690004,1
-2.9244231539701118,-1.7764034417844021,0.9459599025370313,1.767595140687195,1.306440380913971,0
0.7586078300653839,1.098977853757988,2.7308164569145505,-3.544718547932176,1.070172348690401,1
1.075822933755803,-0.3203975231840175,3.497468812837873,-3.0991867315861903,2.6080887321555526,1
-1.764934921374472,-2.0691438370661785,2.041127052883466,0.6649439741707432,2.4098296154939582,0
-0.027598043114152926,-0.7244772829229356,-1.6390331377884229,2.028707389669843,-0.5180397809371003,0
0.11369166712632417,-0.9977238804016385,0.8077568536357349,0.12314405513274103,1.2289176234111052,0
0.2165862560292997,-0.7774099720597573,-1.1406931653517463,1.5605490847430914,-0.12460073927413694,0
-1.8252020776703008,1.2034947871991295,0.9945833785962425,-1.219953648689151,-0.5624616428791663,1
-2.1769000155648417,0.055955802983395975,-0.008976777319906981,0.7452608193094938,-0.4447745774521649,0
0.8345771179266526,-0.7487742458760396,-0.16305847110126437,0.4786460596194912,0.5793457986646583,1
-1.2212380225365473,-1.1663501965835892,1.9550175470030204,-0.2301153923534337,1.819319620057298,0
-1.7707305492849317,-1.016609558643154,0.8487524675740967,0.7842508024534158,0.921831361385537,0
0.9438741660983594,-0.2973041168894933,1.6798193030254454,-1.5199543517448912,1.432210936383442,1
0.5446896368118697,-0.39727982217938573,-3.3245991855244674,2.9809283911359286,-1.6965266565926587,0
1.539284459723334,0.8759493238694361,0.19676076983898294,-1.4727542582953326,-0.2120860276014684,1
1.3023903435876605,-1.0537487492227593,-0.5916444844762248,0.9365693692956784,0.6125697112541597,0
0.11390111364148647,-0.8385230760697568,-1.086289317088229,1.6034506775116475,-0.06638234403126128,0
1.3232714887828791,-0.8664700647757974,2.4542082326441994,-1.8308517118206387,2.3868999393956085,0
1.4865556289674058,1.0213899366623207,1.5911235042426424,-2.7682598852720273,0.5466501244966648,1
-0.16712180222445205,-0.5752166481808084,-2.372525997943917,2.5773944793853385,-1.1070663922475192,0
1.3312336135326244,-0.2784880548415084,-3.2054995938126307,2.4938428788200024,-1.561470369593089,0
-1.2888248021058408,-0.15699391380597083,-3.991987957782519,4.006546840316692,-2.619487215503273,0
0.09971903967569051,0.976352883131084,3.0571164908890798,-3.480566759072854,1.239470387550985,1
1.061725973783041,0.9590357401407235,0.38405951319634524,-1.5313860424315209,-0.24136376252600114,1
0.718397989931274,0.939821162235746,2.049116433514386,-2.812207900624237,0.7491961453736731,1
-2.127981575217476,-0.4581089308870959,0.5684907005082074,0.6745400547099243,0.2873777766024257,0
-2.6027706709806573,-1.3635133916550153,-0.6521272211599194,2.6622730411279347,0.07615395864019886,0
-1.8017224551366307,-1.550693076598887,1.4307480281755374,0.7556255188378244,1.6562544337127032,0
-0.9840040615951203,-0.9900394832327546,1.276177436575825,0.11284048259125322,1.3145368391108303,0
1.1821206351912046,1.2717077839534603,1.286482035257098,-2.6125563867126265,0.1239638152662126,1
1.5146090914209358,1.0788823188651366,0.719612476077153,-2.0837269507168084,-0.03311234828880741,1
-3.379883884803792,-0.3973411074842732,2.180614101446027,-0.3016979963975694,1.0216498479440248,0
1.8317035826536747,2.272144272927627,1.0710859097989816,-3.51901190220545,-0.5967081161895486,1
1.3338062683171348,0.9418423766495215,1.0035414333435693,-2.143581999097616,0.2076673016380276,1
-0.07233885683766061,-1.0850576506668763,-0.3636964953778108,1.264831182453398,0.524607622144846,0
1.093996206003461,0.6521906857581613,0.04695345687204444,-0.9927882240287136,-0.22965196514377506,1
-0.5256830593895732,-2.0670145643877067,1.968576996254833,0.2778961257669242,2.5905572388278673,0
1.1480783867095987,-2.409648585397279,-0.3276412410760581,1.9269476105396794,1.70517798705019,1
3.0529972995012784,0.8688870958082913,0.8863658853073664,-2.6014758632108235,0.5015863847246403,1
0.8225954584190815,1.0482572393544445,1.8209034809651317,-2.7477943321281506,0.549321101892686,1
0.008894207408291832,-0.7739438704207074,-1.9356563264953404,2.311031422116244,-0.6617417597120983,0
0.49706714771974636,1.267915552525512,0.7959758957816413,-1.9434788881921972,-0.30553609814379507,1
1.2221952829501233,-2.825307057054166,-0.6474063654328275,2.5287400025687785,1.8121289266259741,1
-0.7199056721438462,-0.6219911918760985,-1.8358981891868809,2.358851591029107,-0.8403894721943068,0
-0.6351886062717693,-1.190282672799866,-0.7617530352712263,1.8976883839214236,0.24681312268402528,0
1.1407563095563313,-1.613029788447919,1.9692969055148586,-0.7124076153809815,2.5768896093359954,1
1.900146909329959,1.7660411193274508,2.5755366485861724,-4.394777482522969,0.7124415325226652,1
0.9365871093701675,0.3905097418978909,0.857429318443497,-1.4038611107390713,0.4322062124490663,1
0.6506697812374165,0.9798313046894738,1.2959979683844693,-2.1792072288286644,0.23812536397769707,1
0.4695210929689215,1.2357281270900702,1.9381600508798784,-2.880866235410676,0.42554898808478986,1
2.142832103099633,0.4938170185113827,0.7690241002852882,-1.8520288246711227,0.5256295676080451,1
-1.5047168695107032,-1.4730347394659309,0.20389822486565257,1.6291468009743804,0.8897000139295759,0
1.434466831921132,1.279546086299071,1.3631519526983185,-2.7757526709861007,0.2126625163438514,1
2.1829355073827665,0.8552241443430653,1.1980071239121806,-2.5418384867265558,0.546124865037007,1
1.0242881695703274,-0.6993683959189765,2.004140306926776,-1.4817976555879053,1.9330514642647005,1
-0.43246074762302045,-0.8559429765578753,0.6587853564117501,0.3260564594481252,0.9356137791701575,0
-3.2584365479730644,-0.40692682055659846,1.4268762431314637,0.3060040983980622,0.5798975333619077,0
-2.238153905758181,-0.929611463745262,1.2557405307954932,0.5311086806768993,1.0288820602759103,0
1.0150467473760414,-0.6950792179657204,1.5822643753225727,-1.1220579072575276,1.6648119880436167,1
0.633522610747884,0.9339112620535541,0.3859172382595979,-1.3569717695692605,-0.30111315439519454,1
-0.11428047587870538,-1.0878785101890183,2.1375622929745264,-0.8524683989933723,2.0812683950520343,0
-1.2481853967763696,-0.7855172059153916,1.7878847686093846,-0.4035612673391414,1.441451679186872,0
-0.11719908726485184,1.3839924327931101,0.5873474909413737,-1.6430810281246746,-0.6304867372285757,1
-0.7766054199487246,-0.4572822137931086,-2.1959328598503394,2.5456874820527786,-1.191825887808752,0
-1.7757586881999599,-0.7835929456673709,1.4666932484960669,0.05929183519491828,1.142596737113538,0
0.9339600046985845,-0.5590814552156058,1.5116185505606086,-1.1488549663921803,1.5099041445524517,1
0.30538633093400347,-0.9241546614943391,1.4529172251669313,-0.5596149880795547,1.615232114746055,0
0.9789923508253131,-1.0216544694637864,0.21628860560076635,0.336222226643564,1.0352222570491516,1
-1.2541762688761398,-0.771289367993633,-1.5511749983571648,2.436344730407632,-0.6553727829502142,0
1.0748053097001973,-0.7082035136703433,2.6622406996382004,-2.0541609709562962,2.3596291171091566,1
-1.2355387140822611,-0.6532612468902437,0.27757517834761214,0.7677876201312386,0.4071292038128443,0
0.7425205953609627,0.3504124024631232,0.9557802905356941,-1.3834762977830386,0.48627835050733637,1
1.1357262748588548,-1.6061141744496412,0.9563081296082346,0.14808556031219905,1.9383419524845638,1
0.8274148784124056,-0.0630760706392206,1.5492434876988028,-1.5668775395462156,1.1641122029010564,1
1.0411941258772854,-1.6438771413012505,0.5690120507875149,0.5450631449614607,1.7056922389083156,1
0.6419899427642747,1.0620584791751022,1.2341383437213214,-2.1936263700831735,0.1399140565616595,1
1.0619127909469481,-1.1099394223635128,1.5410565738908808,-0.7488669060424279,1.9401929468560237,1
1.3581722437522277,-3.2100220935709474,0.5003579965223277,1.8291892695151637,2.8252901121976923,1
0.8189474928988609,0.9186777612590883,1.2267452441015545,-2.1284981945577837,0.2688851563614487,1
1.3004734334330301,0.7015411021297575,0.7705658096938008,-1.7271203986847024,0.2254571976551149,1
0.9726005646744883,-0.8371391153002917,1.3637289119638745,-0.7986823778811928,1.6206789501786187,1
0.9752572798340091,-0.5210611507255516,2.0804545392042324,-1.6817903548466908,1.8459937669776583,1
-0.5065153224550973,-1.2449474906578872,-0.7139630820133516,1.857239206263455,0.33883466813656044,0
-1.2566218690162818,-0.8007264123601342,-2.0128187233401205,2.8564287399090866,-0.9234246247006674,0
-0.09222736054425762,-1.7074125417431585,1.3543951416379905,0.3380513726198502,2.032954061218386,0
0.9029250537892447,-0.732697328101634,0.17652993290771812,0.15038852337542877,0.7926785117921384,1
-0.7809753019030898,-0.9905413910506712,2.6820887889606806,-1.159944884314635,2.2303509897567815,0
-0.29628635832093964,-0.8511997597866172,-1.7427533525773349,2.322598244118418,-0.5428111909121016,0
0.373848336232125,-0.645401720258082,-2.420603823956526,2.483282088514779,-0.9882797240627881,0
-2.215248675281887,-1.3030026950198303,-0.10203175573878531,2.0011661936358043,0.4482520948224774,1
-1.2629756829106182,-0.7721985674845178,-2.3222979259733236,3.0984578010617856,-1.138017535339138,0
-2.2024909797779353,-1.0700258345526499,-1.0433240714222594,2.600642887501626,-0.3016397833296285,0
0.20039315385526468,0.5375780927563492,0.6365771517752441,-1.0755505455966021,0.055380430778048745,1
-0.7008491783823991,-1.6475533548673038,1.1924400678482332,0.6446730679038282,1.7778323641776643,0
0.9646325613377875,-1.0956740454002454,0.6884235028855268,0.0017590611007373544,1.3796881537005266,1
-2.5483753363250568,-2.1357106602907048,2.8836743951342463,0.2854549462774843,2.8391977085982574,0
0.9494847549407353,-0.10941660060193215,-3.4983837839204024,2.7369175589210193,-1.9337223804329526,0
-1.484221562165544,-0.876443229664044,3.0850037333048417,-1.347705898779648,2.2724485688694895,0
-3.3962794816441595,0.11273487842591368,-0.2398027141547734,1.3336738397213415,-0.8528883985037189,0
0.8496542599558828,0.24961519711341107,2.1175123639160707,-2.3274447554554203,1.3026794134949091,1
1.1324601878090954,-1.3563349028637495,1.7348312818496852,-0.7289088050458037,2.247916934885886,1
1.0256593815981863,-1.5284976720703018,1.3451486790557252,-0.21048292813319774,2.106288287956859,1
0.35974848339032683,1.2647603784926222,0.28111996190963995,-1.4517979623911657,-0.6501221464310153,1
0.521186525490038,0.8342739066176846,0.618761756062497,-1.42992950450446,-0.10604337915862135,1
-1.9382944980227301,-2.2459326562230437,2.772559387112598,0.25446198446080825,2.959528779235891,0
1.1094323605334941,1.5609108591777812,1.820716470500163,-3.2897278833372803,0.24040309840594284,1
0.8367891899743712,-0.17771997297550124,0.8268932714549242,-0.8556451354507797,0.795463214665398,1
-1.0964191832432573,-0.767532908888624,1.183130439045102,0.04245510157843361,1.078887218315629,0
-1.7264401683223465,-1.6864424384513677,1.3651848658443062,0.9005599991739844,1.724840486248834,0
0.5521188540333559,1.7813950647270294,1.5455794022576723,-3.0424388223316736,-0.18925071239263885,1
-0.657684871820509,-1.593275604079071,1.0730895657554465,0.6845283184621892,1.672936637168232,0
-3.1603893171748823,-1.573247243898383,0.3001688392105306,2.2301165543223123,0.7164855642628495,0
-0.7234883627100621,-1.2635211533660873,-0.24948625762045207,1.5549831500239648,0.6022194900394335,0
1.0809715066556616,0.4236164609749822,-0.05781123500136398,-0.7031163612746075,-0.1363168539776934,1
1.2611363347054074,-0.31512462818415266,-2.75501594758578,2.1659878085032767,-1.2671214095898302,0
-1.7678864164988242,-0.3181905086424409,-0.08913940204795501,0.9861971912688013,-0.15593725374112946,0
1.1282277748456382,-1.6615602771833542,0.7895859918774722,0.3405264190340819,1.8719193959033524,1
-0.8262957885785978,-0.9713822727077656,0.836326465176486,0.41539065950756277,1.0555933210340613,0
0.0370078504713115,0.8182683357589198,0.8537226556079855,-1.442075365931644,-0.03689608677717976,1
0.4755035259658411,0.47164091332627944,-0.8141735612274847,0.11982428292706507,-0.753802231807192,1
-0.4533150716834091,-1.3274623072407477,0.2896078217586193,1.0520816749182291,1.0336489518231866,0
-0.5140735603913467,0.9095285410747855,0.05988972483197941,-0.6437670282928424,-0.6982859379809945,1
-2.068459827623995,-0.7147817137239947,2.040180251179486,-0.38344245364343266,1.3985536552991056,0
0.9639604206940189,-0.7259737135284442,1.1734958269327456,-0.7283058133842637,1.4218842479385425,1
-3.163396959364839,-1.7221215256733218,0.8910969855660849,1.8542075040813577,1.190017878655687,0
1.2051072105486265,-2.3756643817361396,0.9756402796964265,0.7649332788349866,2.505762140256599,1
-1.9712637375413387,-1.8258501064026835,0.8703115330438564,1.530545278665665,1.469067475955254,0
-0.5330708388891338,-1.1990243118028128,0.6240601886290313,0.6855171967721502,1.1373542163074308,0
0.8278211748753606,-0.10994297918800677,0.3456582693017697,-0.4996569983088576,0.4454313302973064,1
-1.9535555160121327,-0.34564620566949833,-0.17699450981955,1.151665118514862,-0.2255475359475257,0
1.3418975207902049,-2.6915022008053953,1.640014862995752,0.4187391936517679,3.168565745504189,1
1.3388432369990722,1.5405697550928283,2.24587752061689,-3.717980218524691,0.5624392838924589,1
2.268497167817696,0.6439523904608686,0.4307933907527911,-1.7371355650954747,0.23157348767095381,1
2.3753163410369815,-1.3945021467632217,0.8593565000323922,-0.39747851154372477,1.9561845773259918,0
-0.6221381441078566,-0.7754114042674285,-1.6875311530561128,2.3281997581137803,-0.6215869454547718,0
2.188138160438675,0.3050395662024319,0.0741085804377154,-1.1137527949187687,0.2329859984845467,1
1.3758597360151454,1.0618360753839615,2.375292835318455,-3.4322172267188455,0.9876256266283147,1
0.7223153741417958,1.5500944704780708,1.2089551043877498,-2.6186503163601187,-0.20517848834733374,1
-1.5116408492289537,-1.0654178502049334,-0.8181623635345191,2.155249732469525,-0.03739402729691617,0
-0.9795290592631374,-1.293814135817093,-0.1347272450408329,1.5753371194742034,0.648248225819491,0
1.9980726007871636,1.199079751818585,1.5051459469382165,-3.03146440101346,0.46158014835480293,1
-2.902188939858721,-0.4066095221820758,0.31580058153827184,1.1255038112946838,-0.048929870934934075,0
1.3364290091621267,-2.7197669643736466,1.0509365531543522,0.9476775374570617,2.8195322219837413,1
2.681836021843414,1.1482807943735052,1.2082053972597677,-2.981278727149016,0.43746860466146875,1
-0.390272170907655,-1.0597041505203613,-0.3308401555377489,1.3298141041763807,0.4688766459431263,0
-1.5920979321345012,-1.7940964723062516,1.1399058479107307,1.1364665742151043,1.684696972836122,0
-0.7705542352433211,-0.49108721694303414,-1.9456201679507945,2.3587815798702643,-1.0105251057737563,0
-0.5546734765321587,-1.6449442801815595,1.1970519490839164,0.5857613310897513,1.8057136328883696,0
2.5037415253861184,0.3874093167273708,-0.9486084692254408,-0.4252018935408832,-0.4059671698350191,1
1.08483263599411,-1.5653512464334502,0.6267501074610015,0.41285536222520475,1.69440201537513,1
0.9887282677812199,-1.4323763319503202,-0.020710238611532095,0.8863794166831087,1.17856974491397,1
-0.9504753983724771,-1.47590806569701,0.06426572900622407,1.550800569481205,0.9062741812387274,0
0.9010358599902483,-0.7584962921288889,0.45591798844624365,-0.06531789796044653,0.985037784792096,1
-2.0550561599194754,-1.2097471255858527,1.9661828795085148,0.09834198051461136,1.7037905901152206,0
0.26355907252161703,0.49154464728726865,0.7378961952557928,-1.1454353252981972,0.1627239846072771,1
-0.3621639898183212,-0.767068678984276,-1.3548191341135365,1.9432854060846716,-0.37191052390108104,0
0.7223788481168053,0.0891113327562123,-0.48670751464829265,0.07852115210859655,-0.23420606880901615,1
-0.49243261461767496,-1.2904237225960928,0.2529875351018789,1.065763809280574,0.977476368664991,0
0.29805953989539946,0.9316195160115531,0.20379093254312264,-1.0785225128667655,-0.4748559873573802,1
-0.4622041818573508,0.28312322408740376,-0.038762940299220894,-0.04236605856547591,-0.30870915526168674,1
0.3094599325876024,-0.35889400701210517,-2.9543323806677098,2.716937619341646,-1.53550267600014,0
0.9362789228988606,-0.9594637648821736,1.4284386192356935,-0.7361532753397338,1.7406800228669992,0
2.376840675165859,0.6448320639281339,0.7779999498034484,-2.073324641438876,0.46772406948770734,1
-1.4059507452314337,-0.9654730765212957,1.1126632509685803,0.38363098853454514,1.1176025006324837,0
-0.29413968574009675,-0.8207436157974217,0.8399615062563615,0.09139735143892118,1.0493617600426999,0
